{"stats":{"minecraft:mined":{"minecraft:gray_wool":2,"minecraft:cyan_wool":4,"minecraft:glass_pane":1,"minecraft:dark_oak_slab":1,"minecraft:light_blue_bed":2,"minecraft:dirt":1,"minecraft:tall_grass":2,"projectvibrantjourneys:fallen_leaves":1,"minecraft:oak_planks":1,"minecraft:brown_bed":1},"minecraft:dropped":{"minecraft:chainmail_leggings":1},"minecraft:picked_up":{"minecraft:dark_oak_slab":1,"minecraft:armor_stand":1,"projectvibrantjourneys:fallen_leaves":1,"minecraft:chainmail_leggings":1,"minecraft:brown_bed":1,"minecraft:chainmail_chestplate":1,"minecraft:cyan_wool":2,"minecraft:light_blue_bed":2,"minecraft:string":2},"minecraft:custom":{"minecraft:open_barrel":4,"minecraft:time_since_rest":1732,"minecraft:open_chest":22,"minecraft:sprint_one_cm":188953,"minecraft:play_time":16154,"minecraft:damage_taken":10,"minecraft:walk_one_cm":97291,"minecraft:sneak_time":459,"minecraft:walk_under_water_one_cm":3025,"minecraft:drop":1,"minecraft:jump":49,"minecraft:interact_with_grindstone":1,"minecraft:damage_dealt":10,"minecraft:interact_with_blast_furnace":1,"minecraft:leave_game":1,"minecraft:walk_on_water_one_cm":14421,"minecraft:time_since_death":16154,"minecraft:sleep_in_bed":1,"minecraft:total_world_time":16154,"minecraft:talked_to_villager":1,"minecraft:swim_one_cm":3666,"minecraft:interact_with_crafting_table":1,"minecraft:fall_one_cm":753,"minecraft:fly_one_cm":16548},"minecraft:used":{"minecraft:bread":5,"minecraft:iron_pickaxe":12}},"DataVersion":3465}