{"stats":{"minecraft:killed_by":{"minecraft:pillager":2},"minecraft:dropped":{"gravestone:obituary":1},"minecraft:picked_up":{"minecraft:crafting_table":1,"soulslikeuniverse:presentchest":1,"minecraft:oak_log":3,"alexsmobs:animal_dictionary":1,"soul_like_armors_reworked:estusflask":10,"minecraft:arrow":1,"swem:alfalfa_seeds":1,"soulslikeuniverse:dagger":1,"soul_like_armors_reworked:dagger":1,"minecraft:cobblestone":7},"minecraft:crafted":{"minecraft:oak_planks":12,"minecraft:crafting_table":1,"minecraft:stick":4,"minecraft:wooden_pickaxe":1,"minecraft:stone_pickaxe":1},"minecraft:used":{"epicfight:skillbook":1,"soul_like_armors_reworked:dagger":1,"minecraft:apple":2,"minecraft:wooden_pickaxe":8,"minecraft:crafting_table":1,"alexsmobs:animal_dictionary":2,"minecraft:potato":5},"minecraft:mined":{"minecraft:crafting_table":1,"minecraft:grass":1,"minecraft:oak_log":3,"projectvibrantjourneys:short_grass":1,"minecraft:tall_grass":1,"minecraft:stone":7},"minecraft:custom":{"minecraft:time_since_rest":13375,"minecraft:sprint_one_cm":135256,"minecraft:damage_taken":495,"minecraft:walk_one_cm":111168,"minecraft:drop":1,"minecraft:damage_dealt":37,"minecraft:interact_with_crafting_table":3,"minecraft:damage_dealt_absorbed":1,"minecraft:swim_one_cm":7946,"minecraft:fly_one_cm":29865,"minecraft:open_barrel":3,"minecraft:open_chest":8,"minecraft:crouch_one_cm":63,"minecraft:play_time":17176,"minecraft:deaths":2,"minecraft:sneak_time":303,"minecraft:walk_under_water_one_cm":4858,"minecraft:jump":121,"minecraft:walk_on_water_one_cm":9134,"minecraft:time_since_death":13339,"minecraft:total_world_time":17176,"minecraft:fall_one_cm":269}},"DataVersion":3465}