{"stats":{"minecraft:crafted":{"minecraft:oak_planks":30,"minecraft:birch_slab":6,"minecraft:glass":112,"handcrafted:birch_drawer":2,"minecraft:oak_fence":9,"minecraft:crafting_table":2,"minecraft:spruce_planks":476,"minecraft:baked_potato":155,"minecraft:spruce_door":3,"minecraft:birch_planks":68,"minecraft:stick":76,"handcrafted:birch_table":2,"minecraft:spruce_fence_gate":13,"minecraft:birch_stairs":4,"minecraft:furnace":3,"minecraft:spruce_fence":78,"minecraft:glass_pane":112,"variantvanillablocks:spruce_chest":4,"minecraft:spruce_stairs":260,"minecraft:iron_axe":4,"minecraft:spruce_wood":204,"minecraft:spruce_slab":6,"minecraft:iron_hoe":2,"variantvanillablocks:birch_crafting_table":1,"minecraft:spruce_boat":1,"minecraft:wheat":45,"minecraft:cooked_beef":6,"minecraft:spruce_sign":3,"minecraft:bread":47,"minecraft:air":0,"variantvanillablocks:birch_chest":4,"minecraft:iron_shovel":9},"minecraft:picked_up":{"gamma_beasts:thin_oak_log":43,"cfm:blue_sofa":2,"minecraft:wheat":223,"minecraft:redstone_block":3,"minecraft:flower_pot":2,"minecraft:brown_bed":3,"minecraft:stone_brick_stairs":1,"minecraft:string":3,"minecraft:armor_stand":2,"minecraft:beetroot":67,"minecraft:red_sand":30,"minecraft:spruce_planks":26,"minecraft:furnace":1,"minecraft:stick":49,"minecraft:composter":1,"minecraft:oak_fence":12,"minecraft:spruce_stairs":26,"oresabovediamonds:amethyst_sword":1,"epicfight:skillbook":1,"minecraft:porkchop":8,"iceandfire:rotten_egg":1,"gamma_beasts:coal_nugget":9,"projectvibrantjourneys:cattail":4,"bloodandmadness:blood_stone_shard":1,"minecraft:cobblestone":167,"minecraft:birch_log":17,"travelersbackpack:iron_golem":1,"minecraft:water_bucket":1,"projectvibrantjourneys:fallen_leaves":28,"minecraft:potato":232,"gamma_beasts:oak_leaf":51,"projectvibrantjourneys:rocks":1,"minecraft:dirt":1440,"minecraft:lantern":29,"minecraft:glass":8,"minecraft:bone":3,"minecraft:bow":1,"minecraft:wheat_seeds":859,"minecraft:bell":1,"soul_like_armors_reworked:rustysteel_boots":1,"minecraft:fletching_table":1,"handcrafted:birch_drawer":3,"minecraft:poisonous_potato":1,"minecraft:sand":213,"soul_like_armors_reworked:dark_knight_leggings":1,"minecraft:stripped_spruce_log":1,"iceandfire:podium_dark_oak":1,"minecraft:iron_hoe":1,"minecraft:spruce_fence_gate":4,"minecraft:diamond":4,"minecraft:soul_lantern":7,"minecraft:grass":8,"minecraft:bone_meal":2,"minecraft:spruce_sign":1,"iceandfire:silver_nugget":800,"minecraft:azure_bluet":2,"minecraft:chicken":1,"minecraft:redstone_lamp":3,"minecraft:brown_mushroom":1,"minecraft:chain":5,"minecraft:cornflower":4,"iceandfire:frozen_splinters":49,"minecraft:moss_carpet":10,"farlanders:ender_horn":3,"minecraft:iron_shovel":1,"travelersbackpack:horse":1,"minecraft:beef":8,"minecraft:cyan_wool":2,"minecraft:player_head":1,"minecraft:poppy":3,"minecraft:spruce_slab":3,"minecraft:birch_sapling":2,"minecraft:egg":3,"minecraft:raw_iron":4,"projectvibrantjourneys:bark_mushroom":4,"minecraft:spruce_fence":11,"minecraft:carrot":181,"soul_like_armors_reworked:rustysteel_helmet":1,"minecraft:light_blue_bed":3,"bloodandmadness:beastblood_clump":1,"soul_like_armors_reworked:estusflask":4,"minecraft:beetroot_seeds":196,"variantvanillablocks:spruce_chest":3,"minecraft:hay_block":10,"bloodandmadness:weapons/church_scythe":1,"born_in_chaos_v1:corpse_maggot":5,"projectvibrantjourneys:icicle":4,"minecraft:leather":8,"minecraft:birch_planks":8,"simplyswords:iron_claymore":1,"minecraft:chainmail_chestplate":1,"gamma_beasts:green_apple":42,"minecraft:oak_log":6,"minecraft:lily_pad":4,"farlanders:looter_hood":1,"minecraft:cobblestone_wall":4,"minecraft:stone_bricks":5,"minecraft:spruce_wood":30,"minecraft:scaffolding":3,"projectvibrantjourneys:light_brown_bark_mushroom":18,"minecraft:milk_bucket":1,"minecraft:dark_oak_slab":1,"minecraft:pumpkin":20,"minecraft:dandelion":9,"minecraft:spruce_sapling":61,"minecraft:spruce_log":448,"minecraft:spruce_door":2,"minecraft:pumpkin_seeds":3,"minecraft:chainmail_leggings":1,"minecraft:iron_helmet":1,"minecraft:baked_potato":40,"projectvibrantjourneys:orange_bark_mushroom":2,"minecraft:coal":37,"minecraft:ender_pearl":1},"minecraft:killed_by":{"farlanders:ender_golem":1,"iceandfire:ice_dragon":1,"minecraft:zombie":1,"minecraft:player":1},"minecraft:dropped":{"minecraft:cooked_beef":2,"minecraft:dark_oak_slab":1,"minecraft:lantern":6,"minecraft:dirt":32,"minecraft:grass":8,"minecraft:large_fern":1,"projectvibrantjourneys:fallen_leaves":1,"iceandfire:podium_dark_oak":1,"gravestone:obituary":4,"minecraft:iron_pickaxe":2,"minecraft:gold_ingot":8,"minecraft:armor_stand":2,"minecraft:azure_bluet":1,"projectvibrantjourneys:light_brown_bark_mushroom":17,"minecraft:spruce_slab":1,"minecraft:water_bucket":2,"minecraft:iron_ingot":2,"minecraft:bread":7,"minecraft:wheat_seeds":67,"gamma_beasts:oak_leaf":51,"gamma_beasts:coal_nugget":1,"minecraft:iron_helmet":1,"minecraft:cobblestone":5,"minecraft:milk_bucket":1,"minecraft:pumpkin":1,"minecraft:chainmail_leggings":1,"minecraft:iron_shovel":2,"minecraft:moss_carpet":10,"minecraft:cobblestone_wall":3,"minecraft:iron_hoe":1,"minecraft:spruce_fence":2,"gamma_beasts:green_apple":6,"simplyswords:iron_claymore":1},"minecraft:broken":{"minecraft:iron_shovel":7,"minecraft:golden_hoe":1,"minecraft:iron_axe":2,"minecraft:iron_pickaxe":1},"minecraft:mined":{"minecraft:spruce_planks":32,"minecraft:farmland":4,"minecraft:jungle_leaves":1,"minecraft:red_sand":30,"minecraft:grass_block":1066,"minecraft:spawner":3,"minecraft:tall_seagrass":1,"handcrafted:birch_drawer":3,"minecraft:iron_ore":4,"projectvibrantjourneys:bark_mushroom":2,"minecraft:pumpkin":20,"minecraft:fletching_table":1,"minecraft:azure_bluet":2,"variantvanillablocks:spruce_chest":3,"minecraft:brown_bed":3,"minecraft:dirt_path":3,"minecraft:spruce_wood":30,"minecraft:player_head":1,"minecraft:spruce_slab":1,"projectvibrantjourneys:cattail":3,"minecraft:soul_lantern":7,"iceandfire:dragon_ice_spikes":48,"projectvibrantjourneys:twigs":10,"minecraft:poppy":3,"minecraft:spruce_wall_sign":1,"minecraft:glass":12,"projectvibrantjourneys:fallen_leaves":14,"minecraft:oak_planks":1,"minecraft:seagrass":3,"minecraft:cyan_wool":4,"minecraft:chain":5,"minecraft:dark_oak_slab":1,"minecraft:birch_log":20,"minecraft:wheat":278,"projectvibrantjourneys:bones":2,"minecraft:stone_brick_stairs":1,"minecraft:grass":685,"minecraft:oak_log":7,"projectvibrantjourneys:short_grass":185,"minecraft:beetroots":76,"minecraft:dirt":560,"minecraft:sand":132,"minecraft:oak_leaves":3,"minecraft:redstone_lamp":3,"minecraft:attached_pumpkin_stem":1,"minecraft:deepslate_diamond_ore":4,"minecraft:dark_oak_log":1,"projectvibrantjourneys:rocks":5,"gravestone:gravestone":5,"minecraft:ladder":1,"minecraft:spruce_fence":9,"iceandfire:frozen_splinters":20,"minecraft:spruce_leaves":30,"minecraft:red_mushroom":1,"minecraft:large_fern":6,"minecraft:hay_block":11,"minecraft:black_stained_glass_pane":3,"minecraft:carrots":61,"minecraft:furnace":1,"projectvibrantjourneys:orange_bark_mushroom":1,"minecraft:stripped_spruce_log":1,"minecraft:potatoes":76,"minecraft:lantern":30,"minecraft:potted_spruce_sapling":2,"minecraft:stone":166,"minecraft:scaffolding":3,"minecraft:redstone_block":3,"minecraft:glass_pane":14,"minecraft:spruce_door":2,"minecraft:dandelion":11,"minecraft:oak_fence":12,"minecraft:cornflower":4,"minecraft:rose_bush":4,"projectvibrantjourneys:mossy_rocks":2,"minecraft:tall_grass":229,"minecraft:lily_pad":1,"minecraft:spruce_stairs":27,"minecraft:gray_wool":2,"minecraft:black_stained_glass":3,"minecraft:birch_planks":8,"minecraft:light_blue_bed":3,"minecraft:cobblestone_wall":1,"minecraft:spruce_log":459,"minecraft:birch_leaves":1,"gamma_beasts:thin_oak_log":50,"minecraft:coal_ore":37,"iceandfire:silver_pile":74,"minecraft:cobweb":2,"minecraft:spruce_fence_gate":4,"minecraft:stone_bricks":5,"projectvibrantjourneys:oak_hollow_log":7,"minecraft:fern":4},"minecraft:custom":{"minecraft:animals_bred":9,"minecraft:interact_with_crafting_table":85,"minecraft:open_barrel":49,"minecraft:leave_game":9,"minecraft:time_since_death":5786,"minecraft:sprint_one_cm":5873223,"minecraft:drop":69,"minecraft:talked_to_villager":4,"minecraft:play_time":602220,"minecraft:deaths":5,"minecraft:jump":2289,"minecraft:walk_on_water_one_cm":96831,"minecraft:interact_with_furnace":49,"minecraft:interact_with_loom":1,"minecraft:sleep_in_bed":42,"minecraft:damage_dealt":6527,"minecraft:crouch_one_cm":2094,"minecraft:mob_kills":30,"minecraft:climb_one_cm":11040,"minecraft:walk_one_cm":4872347,"minecraft:sneak_time":2683,"minecraft:walk_under_water_one_cm":87515,"minecraft:boat_one_cm":22755,"minecraft:interact_with_blast_furnace":6,"minecraft:total_world_time":602220,"minecraft:pot_flower":1,"minecraft:interact_with_grindstone":1,"minecraft:interact_with_stonecutter":2,"minecraft:time_since_rest":5814,"minecraft:damage_absorbed":5,"minecraft:damage_taken":5177,"minecraft:swim_one_cm":91484,"minecraft:fly_one_cm":401296,"minecraft:open_chest":317,"minecraft:fall_one_cm":48357},"minecraft:used":{"minecraft:beetroot":11,"minecraft:red_sand":20,"minecraft:iron_shovel":2009,"handcrafted:birch_table":2,"minecraft:spruce_slab":8,"minecraft:iron_sword":9,"gamma_beasts:thin_oak_log":5,"minecraft:carrot":60,"minecraft:spruce_boat":1,"minecraft:glass":138,"minecraft:spruce_wood":151,"minecraft:lantern":13,"minecraft:light_blue_bed":3,"minecraft:redstone_lamp":3,"minecraft:hay_block":5,"minecraft:scaffolding":3,"minecraft:furnace":4,"minecraft:beetroot_seeds":95,"minecraft:egg":2,"minecraft:potato":86,"projectvibrantjourneys:rocks":1,"epicfight:skillbook":1,"minecraft:spruce_door":2,"minecraft:lily_pad":1,"travelersbackpack:iron_golem":6,"minecraft:redstone_block":3,"minecraft:composter":1,"variantvanillablocks:birch_chest":2,"minecraft:golden_apple":2,"minecraft:golden_hoe":32,"iceandfire:frozen_splinters":3,"handcrafted:birch_drawer":5,"minecraft:pumpkin_seeds":5,"cfm:blue_sofa":2,"minecraft:bread":83,"variantvanillablocks:spruce_chest":7,"minecraft:chain":3,"minecraft:bone_meal":2,"minecraft:experience_bottle":8,"minecraft:oak_fence":18,"minecraft:spruce_planks":82,"gamma_beasts:green_apple":36,"oresabovediamonds:amethyst_sword":190,"minecraft:dirt":232,"minecraft:spruce_stairs":157,"minecraft:cobblestone_wall":37,"minecraft:spruce_fence":87,"minecraft:iron_hoe":312,"projectvibrantjourneys:fallen_leaves":2,"soul_like_armors_reworked:dagger":170,"minecraft:iron_axe":818,"minecraft:golden_carrot":2,"minecraft:cooked_beef":4,"minecraft:brown_bed":3,"minecraft:wheat_seeds":198,"minecraft:water_bucket":8,"minecraft:birch_planks":16,"minecraft:baked_potato":75,"minecraft:spruce_sign":5,"minecraft:spruce_fence_gate":15,"minecraft:crafting_table":2,"variantvanillablocks:birch_crafting_table":1,"minecraft:spruce_log":115,"minecraft:flower_pot":1,"minecraft:apple":16,"minecraft:iron_pickaxe":439,"minecraft:spruce_sapling":20,"minecraft:cobblestone":22,"minecraft:bucket":9,"minecraft:glass_pane":102,"minecraft:dandelion":2,"minecraft:splash_potion":1},"minecraft:killed":{"farlanders:fanmade_enderman":1,"minecraft:skeleton":3,"bloodandmadness:beast_patient":1,"minecraft:chicken":1,"minecraft:zombie":8,"minecraft:cow":3,"born_in_chaos_v1:maggot":4,"farlanders:mystic_enderminion":1,"bloodandmadness:church_doctor_scythe":1,"farlanders:looter":2,"farlanders:ender_golem":1,"born_in_chaos_v1:bloody_gadfly":3}},"DataVersion":3465}