{"stats":{"minecraft:broken":{"minecraft:stone_pickaxe":1},"minecraft:crafted":{"minecraft:oak_planks":12,"minecraft:furnace":1,"minecraft:stone_pickaxe":2,"minecraft:crafting_table":1,"minecraft:baked_potato":26,"minecraft:wooden_pickaxe":1,"minecraft:air":0,"minecraft:stick":12,"minecraft:iron_ingot":2,"minecraft:torch":32},"minecraft:mined":{"iceandfire:lightning_lily":1,"gravestone:gravestone":11,"minecraft:grass_block":7,"minecraft:oak_wall_sign":1,"minecraft:polished_blackstone_pressure_plate":4,"minecraft:hay_block":1,"minecraft:tall_seagrass":1,"minecraft:iron_ore":11,"minecraft:brown_bed":4,"minecraft:vine":2,"minecraft:stone":50,"minecraft:green_bed":10,"minecraft:oak_slab":1,"minecraft:glass_pane":1,"minecraft:amethyst_cluster":1,"minecraft:light_gray_terracotta":1,"minecraft:crafting_table":1,"minecraft:sponge":1,"minecraft:calcite":2,"minecraft:melon":13,"minecraft:tall_grass":2,"minecraft:copper_ore":2,"minecraft:cyan_bed":1,"minecraft:oak_planks":3,"minecraft:iron_door":5,"minecraft:stripped_oak_wood":1,"minecraft:orange_tulip":1,"minecraft:mangrove_leaves":1,"minecraft:grass":11,"minecraft:coal_ore":71,"minecraft:oak_log":3,"projectvibrantjourneys:short_grass":10,"minecraft:beetroots":79,"minecraft:sand":25,"minecraft:dirt":3,"minecraft:oak_leaves":9},"minecraft:used":{"soul_like_armors_reworked:estusflask":3,"minecraft:torch":32,"minecraft:dirt":4,"minecraft:spyglass":2,"minecraft:carrot":1,"soul_like_armors_reworked:dagger":142,"minecraft:lantern":1,"minecraft:furnace":1,"minecraft:potato":7,"minecraft:brown_bed":5,"epicfight:skillbook":1,"minecraft:stone_pickaxe":146,"minecraft:baked_potato":25,"minecraft:oak_planks":1,"minecraft:wooden_pickaxe":8,"minecraft:green_bed":11,"minecraft:glow_berries":11,"minecraft:crafting_table":2,"minecraft:apple":40,"minecraft:bread":30,"minecraft:iron_pickaxe":5,"minecraft:cobblestone":7,"travelersbackpack:standard":5,"minecraft:pumpkin_pie":3,"alexsmobs:animal_dictionary":2,"soulslikeuniverse:dagger":35},"minecraft:custom":{"minecraft:mob_kills":13,"minecraft:interact_with_crafting_table":10,"minecraft:open_barrel":36,"minecraft:leave_game":4,"minecraft:time_since_death":2474,"minecraft:climb_one_cm":25938,"minecraft:sprint_one_cm":1850560,"minecraft:walk_one_cm":1426878,"minecraft:drop":79,"minecraft:damage_dealt_absorbed":7,"minecraft:talked_to_villager":2,"minecraft:play_time":208474,"minecraft:deaths":14,"minecraft:sneak_time":1140,"minecraft:walk_under_water_one_cm":67625,"minecraft:jump":2353,"minecraft:walk_on_water_one_cm":126990,"minecraft:total_world_time":208474,"minecraft:interact_with_furnace":8,"minecraft:interact_with_cartography_table":1,"minecraft:interact_with_loom":1,"minecraft:sleep_in_bed":8,"minecraft:time_since_rest":2513,"minecraft:damage_taken":6154,"minecraft:damage_dealt":2821,"minecraft:swim_one_cm":123232,"minecraft:fly_one_cm":299621,"minecraft:open_chest":52,"minecraft:crouch_one_cm":342,"minecraft:interact_with_smoker":2,"minecraft:fall_one_cm":35634},"minecraft:dropped":{"minecraft:bread":16,"minecraft:wheat_seeds":2,"minecraft:iron_helmet":2,"minecraft:copper_ingot":13,"travelersbackpack:standard":1,"minecraft:coal":1,"born_in_chaos_v1:monster_flesh":5,"iceandfire:lightning_lily":2,"minecraft:mutton":5,"projectvibrantjourneys:fallen_leaves":1,"gravestone:obituary":13,"minecraft:sand":24,"minecraft:white_wool":3,"swem:oat_seeds":5,"alexsmobs:acacia_blossom":1,"alexsmobs:animal_dictionary":3,"minecraft:raw_copper":5,"swem:alfalfa_seeds":1,"minecraft:carrot":6,"swem:timothy_seeds":2,"minecraft:potato":7,"minecraft:hay_block":1,"minecraft:oak_sapling":1,"minecraft:spider_eye":1},"minecraft:killed":{"minecraft:spider":2,"soulslikeuniverse:thief":1,"farlanders:rebel":1,"born_in_chaos_v1:bone_imp_minion":2,"minecraft:sheep":3,"minecraft:pillager":1,"minecraft:zombie":1,"born_in_chaos_v1:dread_hound":1},"minecraft:picked_up":{"minecraft:crafting_table":1,"soulslikeuniverse:presentchest":1,"minecraft:wooden_pickaxe":1,"minecraft:brown_bed":5,"gravestone:obituary":8,"minecraft:string":1,"minecraft:raw_copper":9,"minecraft:wooden_sword":1,"minecraft:beetroot":64,"minecraft:oak_sign":1,"minecraft:calcite":2,"soul_like_armors_reworked:dagger":1,"minecraft:poppy":1,"alexsmobs:raccoon_tail":1,"minecraft:melon_slice":64,"minecraft:stick":2,"minecraft:raw_iron":11,"minecraft:green_bed":11,"minecraft:carrot":6,"soul_like_armors_reworked:estusflask":12,"iceandfire:lightning_lily":2,"minecraft:arrow":1,"minecraft:rotten_flesh":1,"minecraft:hay_block":1,"swem:alfalfa_seeds":2,"gamma_beasts:coal_nugget":13,"soulslikeuniverse:repairstone":1,"minecraft:mutton":10,"minecraft:cobblestone":48,"minecraft:white_wool":6,"born_in_chaos_v1:corpse_maggot":1,"swem:timothy_seeds":2,"minecraft:leather_chestplate":1,"born_in_chaos_v1:monster_flesh":5,"minecraft:iron_door":5,"projectvibrantjourneys:fallen_leaves":2,"alexsmobs:acacia_blossom":1,"minecraft:potato":16,"minecraft:oak_log":3,"minecraft:gunpowder":2,"minecraft:dirt":4,"minecraft:lantern":1,"born_in_chaos_v1:monster_skin":1,"minecraft:bone":2,"minecraft:apple":17,"minecraft:wheat_seeds":3,"minecraft:stripped_oak_wood":1,"swem:oat_seeds":5,"minecraft:oak_planks":3,"minecraft:oak_slab":1,"minecraft:sweet_berries":1,"minecraft:gravel":2,"minecraft:sand":24,"minecraft:amethyst_shard":2,"minecraft:cyan_bed":1,"minecraft:spider_eye":1,"alexsmobs:animal_dictionary":4,"travelersbackpack:standard":5,"minecraft:polished_blackstone_pressure_plate":3,"minecraft:iron_helmet":2,"soulslikeuniverse:dagger":2,"minecraft:bread":21,"minecraft:oak_sapling":4,"projectvibrantjourneys:twigs":1,"minecraft:mangrove_propagule":1,"minecraft:coal":70},"minecraft:killed_by":{"soulslikeuniverse:hollowsoldiersword":1,"minecraft:spider":1,"soulslikeuniverse:fieldboss_crucibleknight":1,"minecraft:pillager":2,"farlanders:classic_enderman":1,"born_in_chaos_v1:dark_vortex":1,"soulslikeuniverse:monstergodricksoldier":1,"bloodandmadness:beast_patient":1,"minecraft:vindicator":1,"minecraft:skeleton":1,"iceandfire:lightning_dragon":1,"soulslikeuniverse:monsterblasphemyknight":1,"farlanders:looter":1}},"DataVersion":3465}