{"stats":{"minecraft:custom":{"minecraft:mob_kills":10,"minecraft:animals_bred":1,"minecraft:interact_with_crafting_table":40,"minecraft:open_barrel":47,"minecraft:leave_game":7,"minecraft:time_since_death":28358,"minecraft:climb_one_cm":506,"minecraft:sprint_one_cm":2980495,"minecraft:walk_one_cm":2140364,"minecraft:drop":43,"minecraft:talked_to_villager":3,"minecraft:play_time":291523,"minecraft:deaths":3,"minecraft:sneak_time":1073,"minecraft:walk_under_water_one_cm":84520,"minecraft:jump":1290,"minecraft:interact_with_blast_furnace":3,"minecraft:walk_on_water_one_cm":82689,"minecraft:total_world_time":291523,"minecraft:interact_with_furnace":27,"minecraft:interact_with_loom":1,"minecraft:interact_with_grindstone":1,"minecraft:sleep_in_bed":19,"minecraft:time_since_rest":9799,"minecraft:damage_taken":3444,"minecraft:damage_absorbed":5,"minecraft:damage_dealt":2357,"minecraft:swim_one_cm":91484,"minecraft:fly_one_cm":195256,"minecraft:open_chest":136,"minecraft:crouch_one_cm":276,"minecraft:fall_one_cm":32734},"minecraft:picked_up":{"gamma_beasts:thin_oak_log":43,"minecraft:wheat":36,"minecraft:azure_bluet":1,"minecraft:chicken":1,"minecraft:brown_bed":3,"minecraft:string":2,"minecraft:armor_stand":1,"minecraft:iron_shovel":1,"minecraft:beetroot":2,"minecraft:red_sand":30,"minecraft:spruce_planks":25,"minecraft:beef":6,"minecraft:cyan_wool":2,"minecraft:player_head":1,"minecraft:spruce_slab":3,"minecraft:birch_sapling":1,"minecraft:egg":1,"minecraft:stick":27,"projectvibrantjourneys:bark_mushroom":2,"minecraft:spruce_stairs":21,"minecraft:spruce_fence":3,"minecraft:carrot":15,"minecraft:light_blue_bed":3,"bloodandmadness:beastblood_clump":1,"soul_like_armors_reworked:estusflask":2,"minecraft:beetroot_seeds":11,"variantvanillablocks:spruce_chest":3,"projectvibrantjourneys:cattail":4,"minecraft:cobblestone":74,"projectvibrantjourneys:icicle":4,"projectvibrantjourneys:fallen_leaves":18,"minecraft:leather":8,"minecraft:potato":14,"minecraft:oak_log":6,"minecraft:chainmail_chestplate":1,"gamma_beasts:green_apple":42,"gamma_beasts:oak_leaf":51,"minecraft:lily_pad":1,"projectvibrantjourneys:rocks":1,"minecraft:dirt":819,"minecraft:lantern":8,"minecraft:glass":8,"minecraft:bone":1,"minecraft:stone_bricks":4,"minecraft:bow":1,"minecraft:wheat_seeds":247,"minecraft:spruce_wood":24,"projectvibrantjourneys:light_brown_bark_mushroom":15,"minecraft:dark_oak_slab":1,"minecraft:pumpkin":18,"minecraft:sand":213,"soul_like_armors_reworked:dark_knight_leggings":1,"minecraft:spruce_sapling":24,"minecraft:spruce_log":235,"minecraft:spruce_door":2,"minecraft:pumpkin_seeds":1,"minecraft:diamond":4,"minecraft:chainmail_leggings":1},"minecraft:killed_by":{"minecraft:player":1,"iceandfire:ice_dragon":1},"minecraft:broken":{"minecraft:golden_hoe":1,"minecraft:iron_shovel":5,"minecraft:iron_axe":1},"minecraft:used":{"minecraft:beetroot":11,"minecraft:red_sand":20,"minecraft:iron_shovel":1261,"minecraft:spruce_slab":2,"minecraft:spruce_planks":78,"gamma_beasts:green_apple":36,"minecraft:iron_sword":9,"gamma_beasts:thin_oak_log":5,"minecraft:dirt":163,"minecraft:spruce_stairs":97,"minecraft:carrot":15,"minecraft:spruce_fence":9,"minecraft:iron_hoe":94,"minecraft:glass":88,"soul_like_armors_reworked:dagger":169,"minecraft:spruce_wood":100,"minecraft:lantern":2,"minecraft:iron_axe":441,"minecraft:light_blue_bed":3,"minecraft:golden_carrot":2,"minecraft:furnace":2,"minecraft:beetroot_seeds":8,"minecraft:potato":6,"minecraft:cooked_beef":4,"minecraft:brown_bed":3,"minecraft:wheat_seeds":50,"minecraft:water_bucket":4,"minecraft:spruce_door":2,"travelersbackpack:iron_golem":4,"minecraft:spruce_sign":1,"minecraft:golden_apple":2,"minecraft:golden_hoe":32,"minecraft:crafting_table":1,"minecraft:spruce_log":27,"minecraft:apple":16,"minecraft:bread":65,"minecraft:iron_pickaxe":187,"minecraft:cobblestone":7,"variantvanillablocks:spruce_chest":7,"minecraft:bucket":4,"minecraft:glass_pane":98},"minecraft:crafted":{"minecraft:oak_planks":30,"minecraft:furnace":2,"minecraft:spruce_fence":9,"minecraft:glass_pane":112,"variantvanillablocks:spruce_chest":4,"minecraft:glass":106,"minecraft:spruce_stairs":256,"minecraft:iron_axe":3,"minecraft:spruce_wood":156,"minecraft:spruce_slab":6,"minecraft:iron_hoe":2,"minecraft:cooked_beef":6,"minecraft:crafting_table":2,"minecraft:spruce_planks":320,"minecraft:baked_potato":3,"minecraft:spruce_door":3,"minecraft:bread":11,"minecraft:air":0,"minecraft:stick":4,"minecraft:iron_shovel":7},"minecraft:mined":{"minecraft:spruce_planks":31,"minecraft:farmland":3,"minecraft:deepslate_diamond_ore":4,"projectvibrantjourneys:rocks":2,"gravestone:gravestone":3,"minecraft:red_sand":30,"minecraft:grass_block":636,"minecraft:spruce_fence":3,"minecraft:spruce_leaves":21,"minecraft:spawner":3,"minecraft:tall_seagrass":1,"minecraft:large_fern":6,"minecraft:black_stained_glass_pane":2,"minecraft:carrots":15,"projectvibrantjourneys:bark_mushroom":2,"minecraft:pumpkin":19,"minecraft:azure_bluet":1,"variantvanillablocks:spruce_chest":3,"minecraft:brown_bed":3,"minecraft:potatoes":15,"minecraft:dirt_path":2,"minecraft:lantern":8,"minecraft:spruce_wood":24,"minecraft:stone":72,"minecraft:player_head":1,"minecraft:spruce_slab":1,"projectvibrantjourneys:cattail":3,"minecraft:glass_pane":12,"minecraft:spruce_door":2,"iceandfire:dragon_ice_spikes":32,"projectvibrantjourneys:twigs":5,"projectvibrantjourneys:mossy_rocks":2,"minecraft:glass":12,"minecraft:tall_grass":176,"minecraft:lily_pad":1,"projectvibrantjourneys:fallen_leaves":10,"minecraft:oak_planks":1,"minecraft:seagrass":3,"minecraft:spruce_stairs":21,"minecraft:black_stained_glass":3,"minecraft:cyan_wool":4,"minecraft:gray_wool":2,"minecraft:dark_oak_slab":1,"minecraft:light_blue_bed":3,"minecraft:birch_log":1,"minecraft:wheat":55,"projectvibrantjourneys:bones":1,"minecraft:spruce_log":189,"gamma_beasts:thin_oak_log":50,"minecraft:grass":511,"minecraft:oak_log":6,"projectvibrantjourneys:short_grass":141,"minecraft:beetroots":7,"minecraft:sand":132,"minecraft:dirt":315,"minecraft:cobweb":1,"minecraft:stone_bricks":4,"minecraft:oak_leaves":3,"minecraft:fern":2},"minecraft:dropped":{"minecraft:iron_ingot":2,"minecraft:bread":7,"minecraft:wheat_seeds":64,"minecraft:cooked_beef":2,"gamma_beasts:oak_leaf":51,"minecraft:dark_oak_slab":1,"minecraft:cobblestone":5,"minecraft:lantern":6,"minecraft:dirt":32,"projectvibrantjourneys:fallen_leaves":1,"gravestone:obituary":3,"minecraft:iron_pickaxe":1,"minecraft:chainmail_leggings":1,"minecraft:iron_shovel":2,"minecraft:gold_ingot":8,"minecraft:armor_stand":1,"minecraft:azure_bluet":1,"gamma_beasts:green_apple":6,"projectvibrantjourneys:light_brown_bark_mushroom":15,"minecraft:spruce_slab":1},"minecraft:killed":{"minecraft:skeleton":2,"minecraft:chicken":1,"farlanders:mystic_enderminion":1,"born_in_chaos_v1:bloody_gadfly":1,"minecraft:zombie":2,"minecraft:cow":3}},"DataVersion":3465}