{"stats":{"minecraft:picked_up":{"iceandfire:deathworm_egg":1,"minecraft:crafting_table":1,"soulslikeuniverse:presentchest":1,"minecraft:wooden_pickaxe":1,"minecraft:brown_bed":5,"gravestone:obituary":15,"minecraft:string":1,"minecraft:raw_copper":9,"minecraft:wooden_sword":1,"swem:rivet_gold":4,"minecraft:oak_sign":1,"minecraft:beetroot":64,"simplyswords:runic_tablet":1,"minecraft:calcite":2,"minecraft:azalea":7,"soul_like_armors_reworked:dagger":1,"minecraft:poppy":7,"minecraft:iron_pickaxe":10,"alexsmobs:raccoon_tail":1,"minecraft:melon_slice":64,"minecraft:stick":21,"minecraft:raw_iron":11,"minecraft:sandstone":3,"ecologics:coconut_slice":4,"projectvibrantjourneys:bark_mushroom":3,"minecraft:green_bed":11,"travelersbackpack:iron_tier_upgrade":1,"minecraft:amethyst_cluster":1,"epicfight:skillbook":1,"minecraft:carrot":6,"minecraft:prismarine_crystals":3,"minecraft:iron_horse_armor":2,"iceandfire:lightning_lily":2,"soul_like_armors_reworked:estusflask":12,"minecraft:arrow":1,"minecraft:rotten_flesh":1,"minecraft:stone_shovel":1,"minecraft:tropical_fish":1,"minecraft:jungle_stairs":6,"iceandfire:deathworm_chitin_yellow":1,"minecraft:hay_block":1,"minecraft:sandstone_stairs":2,"swem:alfalfa_seeds":8,"gamma_beasts:coal_nugget":22,"minecraft:gold_ingot":4,"soulslikeuniverse:repairstone":2,"swem:helmet_gold":1,"minecraft:mutton":15,"swem:scythe_gold":1,"minecraft:white_wool":9,"minecraft:cobblestone":62,"born_in_chaos_v1:corpse_maggot":1,"swem:timothy_seeds":4,"minecraft:leather_chestplate":1,"born_in_chaos_v1:monster_flesh":5,"minecraft:iron_door":10,"minecraft:jungle_log":74,"projectvibrantjourneys:fallen_leaves":2,"alexsmobs:acacia_blossom":1,"minecraft:potato":16,"minecraft:oak_log":3,"minecraft:gunpowder":2,"minecraft:dirt":945,"minecraft:lantern":2,"minecraft:smooth_sandstone":10,"minecraft:name_tag":1,"iceandfire:deathworm_tounge":1,"born_in_chaos_v1:monster_skin":1,"minecraft:bone":2,"minecraft:apple":17,"minecraft:wheat_seeds":50,"minecraft:raw_gold":2,"minecraft:iron_ingot":2,"minecraft:stripped_oak_wood":1,"wom:diamond_legbottomseal":4,"minecraft:moss_block":45,"swem:oat_seeds":9,"minecraft:iron_sword":1,"minecraft:oak_planks":5,"minecraft:flowering_azalea":3,"swem:shield_iron":1,"projectvibrantjourneys:light_brown_bark_mushroom":1,"minecraft:oak_slab":1,"minecraft:sweet_berries":1,"minecraft:dandelion":4,"minecraft:gravel":2,"ecologics:coconut_husk":25,"minecraft:sand":96,"minecraft:jungle_planks":39,"minecraft:amethyst_shard":2,"minecraft:jungle_slab":4,"minecraft:cyan_bed":2,"minecraft:spider_eye":1,"alexsmobs:animal_dictionary":5,"travelersbackpack:standard":8,"minecraft:polished_blackstone_pressure_plate":3,"minecraft:iron_helmet":2,"soulslikeuniverse:dagger":3,"minecraft:emerald":10,"minecraft:golden_horse_armor":1,"minecraft:bread":21,"projectvibrantjourneys:orange_bark_mushroom":7,"minecraft:oak_sapling":4,"projectvibrantjourneys:twigs":1,"minecraft:mangrove_propagule":5,"minecraft:coal":70},"minecraft:used":{"minecraft:beetroot":27,"minecraft:stone_shovel":911,"soul_like_armors_reworked:estusflask":3,"minecraft:torch":32,"minecraft:spyglass":2,"minecraft:dirt":180,"minecraft:jungle_planks":179,"minecraft:carrot":12,"minecraft:glass":18,"soul_like_armors_reworked:dagger":142,"minecraft:lantern":1,"minecraft:barrel":1,"minecraft:furnace":3,"minecraft:potato":7,"minecraft:brown_bed":5,"epicfight:skillbook":2,"minecraft:stone_pickaxe":146,"minecraft:baked_potato":38,"minecraft:oak_planks":1,"minecraft:wooden_pickaxe":66,"minecraft:green_bed":11,"minecraft:golden_apple":2,"minecraft:glow_berries":11,"minecraft:crafting_table":3,"minecraft:apple":40,"minecraft:iron_pickaxe":94,"minecraft:bread":30,"minecraft:cyan_bed":2,"minecraft:melon_slice":50,"minecraft:jungle_stairs":14,"minecraft:iron_door":2,"ecologics:coconut_slice":4,"minecraft:stone_axe":143,"minecraft:cobblestone":8,"travelersbackpack:standard":6,"minecraft:pumpkin_pie":3,"alexsmobs:animal_dictionary":2,"soulslikeuniverse:dagger":50},"minecraft:crafted":{"minecraft:oak_planks":12,"minecraft:jungle_fence_gate":1,"minecraft:stone_shovel":5,"minecraft:barrel":1,"minecraft:furnace":3,"minecraft:glass":64,"minecraft:stone_pickaxe":2,"minecraft:jungle_stairs":12,"minecraft:jungle_wood":27,"minecraft:crafting_table":2,"minecraft:wooden_pickaxe":1,"minecraft:baked_potato":38,"minecraft:stone_axe":2,"minecraft:jungle_slab":6,"minecraft:air":0,"minecraft:jungle_planks":260,"minecraft:oak_fence_gate":1,"minecraft:stick":12,"minecraft:iron_ingot":2,"minecraft:torch":32},"minecraft:broken":{"minecraft:wooden_pickaxe":1,"minecraft:stone_pickaxe":1,"minecraft:stone_axe":1,"minecraft:stone_shovel":6},"minecraft:killed":{"minecraft:spider":2,"soulslikeuniverse:thief":2,"minecraft:husk":1,"farlanders:rebel":1,"born_in_chaos_v1:bone_imp_minion":2,"minecraft:sheep":3,"minecraft:pillager":1,"minecraft:zombie":1,"born_in_chaos_v1:dread_hound":1},"minecraft:mined":{"iceandfire:lightning_lily":1,"projectvibrantjourneys:rocks":9,"gravestone:gravestone":12,"minecraft:grass_block":599,"minecraft:jungle_planks":35,"minecraft:jungle_log":80,"minecraft:polished_blackstone_pressure_plate":4,"minecraft:moss_block":55,"minecraft:oak_wall_sign":1,"minecraft:sandstone":3,"minecraft:sandstone_stairs":2,"minecraft:hay_block":1,"minecraft:tall_seagrass":1,"minecraft:iron_ore":11,"minecraft:gold_block":1,"minecraft:brown_bed":4,"minecraft:vine":4,"minecraft:lantern":1,"minecraft:azalea_leaves":1,"minecraft:stone":63,"minecraft:jungle_fence_gate":1,"minecraft:green_bed":10,"projectvibrantjourneys:cattail":2,"minecraft:oak_slab":1,"minecraft:glass_pane":1,"minecraft:amethyst_cluster":1,"minecraft:dandelion":5,"minecraft:smooth_sandstone":10,"minecraft:crafting_table":1,"minecraft:light_gray_terracotta":1,"minecraft:jungle_stairs":8,"minecraft:sponge":1,"minecraft:calcite":2,"minecraft:poppy":6,"minecraft:melon":13,"minecraft:dead_bush":9,"minecraft:copper_ore":2,"minecraft:tall_grass":2,"minecraft:cobblestone":1,"minecraft:cyan_bed":1,"minecraft:oak_planks":3,"minecraft:iron_door":6,"minecraft:jungle_fence":1,"minecraft:stripped_oak_wood":1,"minecraft:orange_tulip":1,"minecraft:mangrove_leaves":1,"minecraft:grass":27,"minecraft:oak_log":3,"minecraft:coal_ore":71,"projectvibrantjourneys:short_grass":154,"minecraft:beetroots":79,"minecraft:sand":105,"minecraft:dirt":298,"minecraft:small_dripleaf":2,"minecraft:oak_leaves":9},"minecraft:killed_by":{"soulslikeuniverse:hollowsoldiersword":1,"minecraft:spider":1,"farlanders:classic_enderman":1,"minecraft:pillager":2,"soulslikeuniverse:fieldboss_crucibleknight":1,"born_in_chaos_v1:dark_vortex":1,"soulslikeuniverse:fieldboss_countrobert":1,"bloodandmadness:beast_patient":2,"soulslikeuniverse:monstergodricksoldier":1,"minecraft:vindicator":1,"minecraft:skeleton":1,"iceandfire:lightning_dragon":1,"soulslikeuniverse:monsterblasphemyknight":1,"farlanders:looter":1},"minecraft:dropped":{"minecraft:bread":16,"minecraft:wheat_seeds":2,"wom:diamond_legbottomseal":3,"minecraft:mangrove_propagule":5,"minecraft:iron_helmet":2,"minecraft:cobblestone":10,"minecraft:copper_ingot":13,"travelersbackpack:standard":3,"minecraft:coal":1,"minecraft:stick":8,"born_in_chaos_v1:monster_flesh":5,"iceandfire:lightning_lily":2,"minecraft:mutton":5,"projectvibrantjourneys:fallen_leaves":1,"gravestone:obituary":21,"minecraft:sand":29,"minecraft:iron_pickaxe":10,"minecraft:white_wool":3,"projectvibrantjourneys:bark_mushroom":3,"swem:oat_seeds":5,"alexsmobs:acacia_blossom":1,"alexsmobs:animal_dictionary":3,"minecraft:raw_copper":5,"swem:alfalfa_seeds":1,"minecraft:carrot":6,"swem:timothy_seeds":2,"minecraft:potato":7,"minecraft:hay_block":1,"ecologics:coconut_husk":25,"minecraft:oak_sapling":1,"minecraft:spider_eye":1},"minecraft:custom":{"minecraft:mob_kills":15,"minecraft:interact_with_crafting_table":31,"minecraft:open_barrel":38,"minecraft:leave_game":8,"minecraft:time_since_death":949,"minecraft:climb_one_cm":28290,"minecraft:sprint_one_cm":2821922,"minecraft:walk_one_cm":2283781,"minecraft:drop":152,"minecraft:damage_dealt_absorbed":7,"minecraft:talked_to_villager":2,"minecraft:play_time":339359,"minecraft:sneak_time":1306,"minecraft:deaths":16,"minecraft:walk_under_water_one_cm":85827,"minecraft:jump":3081,"minecraft:walk_on_water_one_cm":158634,"minecraft:total_world_time":339359,"minecraft:interact_with_furnace":16,"minecraft:interact_with_cartography_table":1,"minecraft:interact_with_loom":2,"minecraft:sleep_in_bed":12,"minecraft:time_since_rest":981,"minecraft:damage_absorbed":9,"minecraft:damage_taken":7691,"minecraft:damage_dealt":3080,"minecraft:swim_one_cm":143814,"minecraft:fly_one_cm":408724,"minecraft:open_chest":62,"minecraft:crouch_one_cm":570,"minecraft:interact_with_smoker":2,"minecraft:fall_one_cm":50087,"minecraft:horse_one_cm":7725}},"DataVersion":3465}