{"stats":{"minecraft:broken":{"minecraft:wooden_pickaxe":1,"minecraft:stone_pickaxe":1,"minecraft:stone_shovel":5},"minecraft:crafted":{"minecraft:oak_planks":12,"minecraft:stone_shovel":5,"minecraft:barrel":1,"minecraft:furnace":1,"minecraft:stone_pickaxe":2,"minecraft:crafting_table":2,"minecraft:baked_potato":26,"minecraft:wooden_pickaxe":1,"minecraft:jungle_slab":6,"minecraft:air":0,"minecraft:jungle_planks":16,"minecraft:stick":12,"minecraft:iron_ingot":2,"minecraft:torch":32},"minecraft:mined":{"iceandfire:lightning_lily":1,"projectvibrantjourneys:rocks":5,"gravestone:gravestone":12,"minecraft:grass_block":595,"minecraft:jungle_planks":1,"minecraft:jungle_log":4,"minecraft:moss_block":53,"minecraft:oak_wall_sign":1,"minecraft:polished_blackstone_pressure_plate":4,"minecraft:hay_block":1,"minecraft:tall_seagrass":1,"minecraft:iron_ore":11,"minecraft:gold_block":1,"minecraft:brown_bed":4,"minecraft:vine":3,"minecraft:stone":50,"minecraft:jungle_fence_gate":1,"minecraft:green_bed":10,"projectvibrantjourneys:cattail":2,"minecraft:oak_slab":1,"minecraft:glass_pane":1,"minecraft:amethyst_cluster":1,"minecraft:dandelion":3,"minecraft:light_gray_terracotta":1,"minecraft:crafting_table":1,"minecraft:poppy":5,"minecraft:sponge":1,"minecraft:calcite":2,"minecraft:melon":13,"minecraft:dead_bush":8,"minecraft:tall_grass":2,"minecraft:copper_ore":2,"minecraft:cyan_bed":1,"minecraft:oak_planks":3,"minecraft:iron_door":6,"minecraft:jungle_fence":1,"minecraft:stripped_oak_wood":1,"minecraft:orange_tulip":1,"minecraft:mangrove_leaves":1,"minecraft:grass":27,"minecraft:coal_ore":71,"minecraft:oak_log":3,"projectvibrantjourneys:short_grass":152,"minecraft:beetroots":79,"minecraft:sand":52,"minecraft:dirt":244,"minecraft:small_dripleaf":2,"minecraft:oak_leaves":9},"minecraft:used":{"minecraft:stone_shovel":907,"soul_like_armors_reworked:estusflask":3,"minecraft:torch":32,"minecraft:dirt":58,"minecraft:spyglass":2,"minecraft:jungle_planks":2,"minecraft:carrot":12,"soul_like_armors_reworked:dagger":142,"minecraft:lantern":1,"minecraft:barrel":1,"minecraft:furnace":1,"minecraft:potato":7,"minecraft:brown_bed":5,"epicfight:skillbook":2,"minecraft:stone_pickaxe":146,"minecraft:baked_potato":26,"minecraft:oak_planks":1,"minecraft:wooden_pickaxe":66,"minecraft:green_bed":11,"minecraft:golden_apple":2,"minecraft:glow_berries":11,"minecraft:crafting_table":3,"minecraft:apple":40,"minecraft:cyan_bed":2,"minecraft:melon_slice":27,"minecraft:bread":30,"minecraft:iron_pickaxe":27,"minecraft:iron_door":2,"ecologics:coconut_slice":4,"minecraft:cobblestone":7,"travelersbackpack:standard":6,"minecraft:pumpkin_pie":3,"alexsmobs:animal_dictionary":2,"soulslikeuniverse:dagger":35},"minecraft:custom":{"minecraft:mob_kills":13,"minecraft:interact_with_crafting_table":19,"minecraft:open_barrel":38,"minecraft:leave_game":4,"minecraft:time_since_death":50474,"minecraft:climb_one_cm":26138,"minecraft:sprint_one_cm":2269295,"minecraft:walk_one_cm":1850658,"minecraft:drop":147,"minecraft:damage_dealt_absorbed":7,"minecraft:talked_to_villager":2,"minecraft:play_time":256474,"minecraft:deaths":14,"minecraft:sneak_time":1164,"minecraft:walk_under_water_one_cm":74826,"minecraft:jump":2666,"minecraft:walk_on_water_one_cm":137941,"minecraft:total_world_time":256474,"minecraft:interact_with_furnace":8,"minecraft:interact_with_cartography_table":1,"minecraft:interact_with_loom":2,"minecraft:sleep_in_bed":11,"minecraft:time_since_rest":20482,"minecraft:damage_absorbed":9,"minecraft:damage_taken":6561,"minecraft:damage_dealt":2821,"minecraft:swim_one_cm":123232,"minecraft:fly_one_cm":357183,"minecraft:open_chest":55,"minecraft:crouch_one_cm":554,"minecraft:interact_with_smoker":2,"minecraft:fall_one_cm":41063,"minecraft:horse_one_cm":7725},"minecraft:dropped":{"minecraft:bread":16,"minecraft:wheat_seeds":2,"wom:diamond_legbottomseal":3,"minecraft:mangrove_propagule":5,"minecraft:iron_helmet":2,"minecraft:cobblestone":7,"minecraft:copper_ingot":13,"travelersbackpack:standard":3,"minecraft:coal":1,"minecraft:stick":8,"born_in_chaos_v1:monster_flesh":5,"iceandfire:lightning_lily":2,"minecraft:mutton":5,"projectvibrantjourneys:fallen_leaves":1,"gravestone:obituary":21,"minecraft:sand":24,"minecraft:iron_pickaxe":10,"minecraft:white_wool":3,"swem:oat_seeds":5,"alexsmobs:acacia_blossom":1,"alexsmobs:animal_dictionary":3,"minecraft:raw_copper":5,"swem:alfalfa_seeds":1,"minecraft:carrot":6,"swem:timothy_seeds":2,"minecraft:potato":7,"minecraft:hay_block":1,"ecologics:coconut_husk":25,"minecraft:oak_sapling":1,"minecraft:spider_eye":1},"minecraft:killed":{"minecraft:spider":2,"soulslikeuniverse:thief":1,"farlanders:rebel":1,"born_in_chaos_v1:bone_imp_minion":2,"minecraft:sheep":3,"minecraft:pillager":1,"minecraft:zombie":1,"born_in_chaos_v1:dread_hound":1},"minecraft:picked_up":{"iceandfire:deathworm_egg":1,"minecraft:crafting_table":1,"soulslikeuniverse:presentchest":1,"minecraft:wooden_pickaxe":1,"minecraft:brown_bed":5,"gravestone:obituary":15,"minecraft:string":1,"minecraft:raw_copper":9,"minecraft:wooden_sword":1,"minecraft:beetroot":64,"minecraft:oak_sign":1,"minecraft:iron_pickaxe":10,"minecraft:calcite":2,"soul_like_armors_reworked:dagger":1,"minecraft:poppy":4,"alexsmobs:raccoon_tail":1,"minecraft:melon_slice":64,"minecraft:stick":12,"minecraft:raw_iron":11,"ecologics:coconut_slice":4,"projectvibrantjourneys:bark_mushroom":1,"minecraft:green_bed":11,"epicfight:skillbook":1,"minecraft:carrot":6,"soul_like_armors_reworked:estusflask":12,"iceandfire:lightning_lily":2,"minecraft:stone_shovel":1,"minecraft:arrow":1,"minecraft:rotten_flesh":1,"iceandfire:deathworm_chitin_yellow":1,"minecraft:hay_block":1,"swem:alfalfa_seeds":8,"gamma_beasts:coal_nugget":13,"soulslikeuniverse:repairstone":1,"minecraft:mutton":10,"minecraft:cobblestone":48,"minecraft:white_wool":6,"born_in_chaos_v1:corpse_maggot":1,"swem:timothy_seeds":4,"minecraft:leather_chestplate":1,"born_in_chaos_v1:monster_flesh":5,"minecraft:iron_door":6,"minecraft:jungle_log":4,"projectvibrantjourneys:fallen_leaves":2,"alexsmobs:acacia_blossom":1,"minecraft:potato":16,"minecraft:oak_log":3,"minecraft:gunpowder":2,"minecraft:dirt":827,"minecraft:lantern":1,"iceandfire:deathworm_tounge":1,"born_in_chaos_v1:monster_skin":1,"minecraft:bone":2,"minecraft:apple":17,"minecraft:wheat_seeds":34,"minecraft:stripped_oak_wood":1,"minecraft:moss_block":45,"swem:oat_seeds":9,"wom:diamond_legbottomseal":3,"minecraft:oak_planks":5,"minecraft:oak_slab":1,"minecraft:sweet_berries":1,"minecraft:jungle_planks":5,"minecraft:gravel":2,"ecologics:coconut_husk":25,"minecraft:sand":49,"minecraft:amethyst_shard":2,"minecraft:cyan_bed":2,"minecraft:spider_eye":1,"alexsmobs:animal_dictionary":4,"travelersbackpack:standard":8,"minecraft:polished_blackstone_pressure_plate":3,"minecraft:iron_helmet":2,"soulslikeuniverse:dagger":2,"minecraft:bread":21,"minecraft:oak_sapling":4,"projectvibrantjourneys:twigs":1,"minecraft:mangrove_propagule":5,"minecraft:coal":70},"minecraft:killed_by":{"soulslikeuniverse:hollowsoldiersword":1,"minecraft:spider":1,"soulslikeuniverse:fieldboss_crucibleknight":1,"minecraft:pillager":2,"farlanders:classic_enderman":1,"born_in_chaos_v1:dark_vortex":1,"soulslikeuniverse:monstergodricksoldier":1,"bloodandmadness:beast_patient":1,"minecraft:vindicator":1,"minecraft:skeleton":1,"iceandfire:lightning_dragon":1,"soulslikeuniverse:monsterblasphemyknight":1,"farlanders:looter":1}},"DataVersion":3465}