{"stats":{"minecraft:crafted":{"minecraft:oak_planks":30,"minecraft:furnace":2,"minecraft:spruce_fence":30,"minecraft:glass_pane":112,"variantvanillablocks:spruce_chest":4,"minecraft:glass":112,"minecraft:spruce_stairs":256,"minecraft:iron_axe":3,"minecraft:spruce_wood":171,"minecraft:iron_hoe":2,"minecraft:spruce_slab":6,"minecraft:spruce_boat":1,"minecraft:oak_fence":9,"minecraft:cooked_beef":6,"minecraft:spruce_sign":3,"minecraft:crafting_table":2,"minecraft:spruce_planks":364,"minecraft:baked_potato":91,"minecraft:spruce_door":3,"minecraft:bread":27,"minecraft:air":0,"minecraft:stick":16,"minecraft:iron_shovel":9,"minecraft:spruce_fence_gate":2},"minecraft:picked_up":{"cfm:blue_sofa":2,"gamma_beasts:thin_oak_log":43,"minecraft:wheat":74,"minecraft:azure_bluet":2,"minecraft:redstone_block":3,"minecraft:chicken":1,"minecraft:flower_pot":2,"minecraft:redstone_lamp":3,"minecraft:brown_bed":3,"minecraft:stone_brick_stairs":1,"minecraft:chain":5,"minecraft:cornflower":4,"minecraft:string":3,"iceandfire:frozen_splinters":49,"minecraft:armor_stand":2,"minecraft:iron_shovel":1,"minecraft:beetroot":31,"minecraft:red_sand":30,"minecraft:spruce_planks":26,"minecraft:beef":6,"minecraft:player_head":1,"minecraft:cyan_wool":2,"minecraft:poppy":3,"minecraft:spruce_slab":3,"minecraft:birch_sapling":1,"minecraft:furnace":1,"minecraft:egg":1,"minecraft:stick":36,"minecraft:raw_iron":4,"projectvibrantjourneys:bark_mushroom":3,"minecraft:composter":1,"minecraft:oak_fence":12,"minecraft:spruce_stairs":23,"minecraft:spruce_fence":6,"oresabovediamonds:amethyst_sword":1,"minecraft:carrot":65,"soul_like_armors_reworked:rustysteel_helmet":1,"minecraft:light_blue_bed":3,"bloodandmadness:beastblood_clump":1,"soul_like_armors_reworked:estusflask":4,"minecraft:beetroot_seeds":91,"variantvanillablocks:spruce_chest":3,"gamma_beasts:coal_nugget":1,"projectvibrantjourneys:cattail":4,"minecraft:cobblestone":74,"travelersbackpack:iron_golem":1,"minecraft:water_bucket":1,"projectvibrantjourneys:icicle":4,"projectvibrantjourneys:fallen_leaves":28,"minecraft:leather":8,"minecraft:potato":87,"minecraft:lily_pad":4,"minecraft:oak_log":6,"gamma_beasts:green_apple":42,"gamma_beasts:oak_leaf":51,"minecraft:chainmail_chestplate":1,"projectvibrantjourneys:rocks":1,"minecraft:dirt":1385,"minecraft:lantern":29,"minecraft:glass":8,"minecraft:bone":1,"minecraft:stone_bricks":5,"minecraft:bow":1,"minecraft:wheat_seeds":431,"minecraft:bell":1,"minecraft:spruce_wood":29,"minecraft:fletching_table":1,"projectvibrantjourneys:light_brown_bark_mushroom":18,"minecraft:scaffolding":3,"minecraft:dark_oak_slab":1,"minecraft:milk_bucket":1,"minecraft:pumpkin":20,"minecraft:dandelion":9,"minecraft:poisonous_potato":1,"minecraft:sand":213,"minecraft:stripped_spruce_log":1,"soul_like_armors_reworked:dark_knight_leggings":1,"minecraft:spruce_sapling":37,"minecraft:spruce_log":291,"iceandfire:podium_dark_oak":1,"minecraft:spruce_door":2,"minecraft:iron_hoe":1,"minecraft:spruce_fence_gate":1,"minecraft:pumpkin_seeds":3,"minecraft:diamond":4,"minecraft:chainmail_leggings":1,"minecraft:iron_helmet":1,"minecraft:bone_meal":1,"minecraft:grass":8,"minecraft:spruce_sign":1,"minecraft:baked_potato":40,"iceandfire:silver_nugget":800,"minecraft:coal":3,"minecraft:ender_pearl":1},"minecraft:killed_by":{"minecraft:player":1,"iceandfire:ice_dragon":1,"minecraft:zombie":1},"minecraft:dropped":{"minecraft:water_bucket":2,"minecraft:iron_ingot":2,"minecraft:bread":7,"minecraft:wheat_seeds":64,"gamma_beasts:oak_leaf":51,"minecraft:cooked_beef":2,"gamma_beasts:coal_nugget":1,"minecraft:dark_oak_slab":1,"minecraft:iron_helmet":1,"minecraft:cobblestone":5,"minecraft:lantern":6,"minecraft:dirt":32,"minecraft:grass":8,"minecraft:milk_bucket":1,"minecraft:large_fern":1,"projectvibrantjourneys:fallen_leaves":1,"iceandfire:podium_dark_oak":1,"gravestone:obituary":3,"minecraft:pumpkin":1,"minecraft:iron_pickaxe":1,"minecraft:iron_shovel":2,"minecraft:chainmail_leggings":1,"minecraft:gold_ingot":8,"minecraft:armor_stand":2,"minecraft:iron_hoe":1,"minecraft:azure_bluet":1,"minecraft:spruce_fence":2,"gamma_beasts:green_apple":6,"projectvibrantjourneys:light_brown_bark_mushroom":17,"minecraft:spruce_slab":1},"minecraft:broken":{"minecraft:golden_hoe":1,"minecraft:iron_shovel":7,"minecraft:iron_axe":1},"minecraft:mined":{"minecraft:spruce_planks":32,"minecraft:farmland":4,"minecraft:deepslate_diamond_ore":4,"minecraft:dark_oak_log":1,"minecraft:jungle_leaves":1,"projectvibrantjourneys:rocks":5,"minecraft:ladder":1,"gravestone:gravestone":4,"minecraft:red_sand":30,"minecraft:grass_block":1004,"minecraft:spruce_fence":4,"iceandfire:frozen_splinters":16,"minecraft:spruce_leaves":26,"minecraft:spawner":3,"minecraft:large_fern":6,"minecraft:tall_seagrass":1,"minecraft:black_stained_glass_pane":3,"minecraft:furnace":1,"minecraft:carrots":27,"minecraft:iron_ore":4,"minecraft:stripped_spruce_log":1,"projectvibrantjourneys:bark_mushroom":2,"minecraft:pumpkin":20,"minecraft:fletching_table":1,"minecraft:azure_bluet":2,"variantvanillablocks:spruce_chest":3,"minecraft:brown_bed":3,"minecraft:potatoes":34,"minecraft:dirt_path":3,"minecraft:lantern":30,"minecraft:potted_spruce_sapling":2,"minecraft:spruce_wood":29,"minecraft:stone":72,"minecraft:player_head":1,"minecraft:spruce_slab":1,"projectvibrantjourneys:cattail":3,"minecraft:scaffolding":3,"minecraft:redstone_block":3,"minecraft:glass_pane":14,"minecraft:dandelion":11,"minecraft:spruce_door":2,"minecraft:oak_fence":12,"minecraft:cornflower":4,"iceandfire:dragon_ice_spikes":48,"projectvibrantjourneys:twigs":10,"minecraft:poppy":3,"minecraft:rose_bush":4,"projectvibrantjourneys:mossy_rocks":2,"minecraft:spruce_wall_sign":1,"minecraft:glass":12,"minecraft:tall_grass":219,"minecraft:lily_pad":1,"projectvibrantjourneys:fallen_leaves":14,"minecraft:oak_planks":1,"minecraft:spruce_stairs":24,"minecraft:seagrass":3,"minecraft:black_stained_glass":3,"minecraft:chain":5,"minecraft:cyan_wool":4,"minecraft:gray_wool":2,"minecraft:dark_oak_slab":1,"minecraft:light_blue_bed":3,"minecraft:birch_log":1,"minecraft:wheat":114,"minecraft:spruce_log":263,"projectvibrantjourneys:bones":2,"minecraft:stone_brick_stairs":1,"gamma_beasts:thin_oak_log":50,"minecraft:grass":665,"minecraft:oak_log":6,"minecraft:coal_ore":3,"iceandfire:silver_pile":74,"projectvibrantjourneys:short_grass":179,"minecraft:beetroots":37,"minecraft:sand":132,"minecraft:dirt":509,"minecraft:cobweb":2,"minecraft:spruce_fence_gate":1,"minecraft:stone_bricks":5,"minecraft:oak_leaves":3,"minecraft:fern":3,"minecraft:redstone_lamp":3,"minecraft:attached_pumpkin_stem":1},"minecraft:custom":{"minecraft:mob_kills":16,"minecraft:animals_bred":1,"minecraft:interact_with_crafting_table":64,"minecraft:open_barrel":49,"minecraft:leave_game":8,"minecraft:time_since_death":37923,"minecraft:climb_one_cm":7094,"minecraft:sprint_one_cm":4415936,"minecraft:walk_one_cm":3549596,"minecraft:drop":59,"minecraft:talked_to_villager":4,"minecraft:play_time":455659,"minecraft:deaths":4,"minecraft:sneak_time":2521,"minecraft:walk_under_water_one_cm":86067,"minecraft:boat_one_cm":22755,"minecraft:jump":1698,"minecraft:interact_with_blast_furnace":3,"minecraft:walk_on_water_one_cm":92315,"minecraft:total_world_time":455659,"minecraft:interact_with_furnace":43,"minecraft:interact_with_loom":1,"minecraft:interact_with_grindstone":1,"minecraft:sleep_in_bed":32,"minecraft:time_since_rest":3430,"minecraft:damage_taken":4197,"minecraft:damage_absorbed":5,"minecraft:damage_dealt":3677,"minecraft:swim_one_cm":91484,"minecraft:fly_one_cm":277546,"minecraft:open_chest":266,"minecraft:crouch_one_cm":2055,"minecraft:fall_one_cm":40188},"minecraft:used":{"minecraft:oak_fence":18,"minecraft:beetroot":11,"minecraft:red_sand":20,"minecraft:iron_shovel":1809,"minecraft:spruce_slab":8,"minecraft:spruce_planks":78,"gamma_beasts:green_apple":36,"minecraft:iron_sword":9,"oresabovediamonds:amethyst_sword":48,"gamma_beasts:thin_oak_log":5,"minecraft:dirt":232,"minecraft:spruce_stairs":106,"minecraft:carrot":21,"minecraft:spruce_fence":29,"minecraft:glass":134,"minecraft:spruce_boat":1,"minecraft:iron_hoe":297,"projectvibrantjourneys:fallen_leaves":2,"soul_like_armors_reworked:dagger":170,"minecraft:spruce_wood":115,"minecraft:lantern":9,"minecraft:iron_axe":530,"minecraft:light_blue_bed":3,"minecraft:redstone_lamp":3,"minecraft:golden_carrot":2,"minecraft:scaffolding":3,"minecraft:furnace":3,"minecraft:beetroot_seeds":50,"minecraft:potato":31,"minecraft:cooked_beef":4,"minecraft:brown_bed":3,"minecraft:wheat_seeds":140,"projectvibrantjourneys:rocks":1,"minecraft:water_bucket":8,"minecraft:spruce_door":2,"minecraft:baked_potato":41,"minecraft:lily_pad":1,"travelersbackpack:iron_golem":5,"minecraft:composter":1,"minecraft:redstone_block":3,"minecraft:spruce_sign":5,"minecraft:spruce_fence_gate":2,"minecraft:golden_apple":2,"minecraft:golden_hoe":32,"minecraft:crafting_table":2,"iceandfire:frozen_splinters":3,"minecraft:spruce_log":27,"minecraft:pumpkin_seeds":5,"cfm:blue_sofa":2,"minecraft:apple":16,"minecraft:bread":72,"minecraft:iron_pickaxe":299,"minecraft:spruce_sapling":20,"minecraft:cobblestone":7,"variantvanillablocks:spruce_chest":7,"minecraft:chain":3,"minecraft:bucket":9,"minecraft:glass_pane":102,"minecraft:bone_meal":1,"minecraft:splash_potion":1,"minecraft:dandelion":2},"minecraft:killed":{"farlanders:fanmade_enderman":1,"born_in_chaos_v1:maggot":2,"minecraft:skeleton":2,"bloodandmadness:beast_patient":1,"farlanders:mystic_enderminion":1,"minecraft:chicken":1,"born_in_chaos_v1:bloody_gadfly":1,"minecraft:zombie":4,"minecraft:cow":3}},"DataVersion":3465}