{"stats":{"minecraft:killed_by":{"minecraft:pillager":2},"minecraft:dropped":{"minecraft:raw_copper":5,"gravestone:obituary":1},"minecraft:picked_up":{"minecraft:crafting_table":1,"soulslikeuniverse:presentchest":1,"minecraft:potato":2,"minecraft:oak_log":3,"minecraft:gunpowder":2,"minecraft:dirt":4,"minecraft:lantern":1,"minecraft:raw_copper":5,"minecraft:wooden_sword":1,"minecraft:bone":2,"minecraft:beetroot":64,"minecraft:apple":17,"minecraft:wheat_seeds":1,"minecraft:stripped_oak_wood":1,"soul_like_armors_reworked:dagger":1,"minecraft:poppy":1,"minecraft:oak_planks":1,"minecraft:oak_slab":1,"minecraft:stick":2,"minecraft:green_bed":1,"alexsmobs:animal_dictionary":1,"soul_like_armors_reworked:estusflask":12,"minecraft:arrow":1,"swem:alfalfa_seeds":1,"soulslikeuniverse:dagger":1,"gamma_beasts:coal_nugget":9,"minecraft:bread":5,"minecraft:oak_sapling":3,"projectvibrantjourneys:twigs":1,"minecraft:coal":27,"minecraft:cobblestone":20},"minecraft:killed":{"farlanders:rebel":1,"born_in_chaos_v1:bone_imp_minion":2},"minecraft:crafted":{"minecraft:oak_planks":12,"minecraft:crafting_table":1,"minecraft:wooden_pickaxe":1,"minecraft:baked_potato":5,"minecraft:air":0,"minecraft:stick":8,"minecraft:stone_pickaxe":1,"minecraft:torch":16},"minecraft:used":{"epicfight:skillbook":1,"minecraft:stone_pickaxe":54,"minecraft:wooden_pickaxe":8,"soul_like_armors_reworked:estusflask":3,"minecraft:torch":8,"minecraft:dirt":4,"minecraft:crafting_table":1,"soul_like_armors_reworked:dagger":41,"minecraft:apple":12,"minecraft:lantern":1,"alexsmobs:animal_dictionary":2,"minecraft:potato":5},"minecraft:mined":{"minecraft:oak_slab":1,"minecraft:crafting_table":1,"minecraft:grass_block":5,"minecraft:tall_grass":2,"minecraft:copper_ore":1,"minecraft:oak_planks":1,"minecraft:stripped_oak_wood":1,"minecraft:grass":1,"minecraft:oak_log":3,"minecraft:coal_ore":26,"projectvibrantjourneys:short_grass":5,"minecraft:beetroots":79,"minecraft:dirt":2,"minecraft:stone":26,"minecraft:oak_leaves":6,"minecraft:green_bed":1},"minecraft:custom":{"minecraft:interact_with_furnace":2,"minecraft:mob_kills":3,"minecraft:interact_with_crafting_table":3,"minecraft:interact_with_cartography_table":1,"minecraft:open_barrel":11,"minecraft:time_since_death":37339,"minecraft:climb_one_cm":9488,"minecraft:time_since_rest":37375,"minecraft:sprint_one_cm":349957,"minecraft:damage_taken":855,"minecraft:walk_one_cm":288285,"minecraft:drop":2,"minecraft:damage_dealt":436,"minecraft:damage_dealt_absorbed":1,"minecraft:swim_one_cm":21697,"minecraft:talked_to_villager":1,"minecraft:fly_one_cm":62073,"minecraft:open_chest":23,"minecraft:crouch_one_cm":83,"minecraft:play_time":41176,"minecraft:deaths":2,"minecraft:sneak_time":339,"minecraft:walk_under_water_one_cm":5526,"minecraft:jump":291,"minecraft:walk_on_water_one_cm":17421,"minecraft:total_world_time":41176,"minecraft:fall_one_cm":2836}},"DataVersion":3465}