{"stats":{"minecraft:crafted":{"minecraft:oak_planks":12,"minecraft:crafting_table":1,"minecraft:wooden_pickaxe":1,"minecraft:baked_potato":5,"minecraft:furnace":1,"minecraft:air":0,"minecraft:stick":12,"minecraft:iron_ingot":2,"minecraft:stone_pickaxe":2,"minecraft:torch":32},"minecraft:mined":{"minecraft:oak_slab":1,"minecraft:amethyst_cluster":1,"minecraft:crafting_table":1,"gravestone:gravestone":7,"minecraft:grass_block":5,"minecraft:calcite":2,"minecraft:sponge":1,"minecraft:copper_ore":1,"minecraft:tall_grass":2,"minecraft:oak_planks":1,"minecraft:polished_blackstone_pressure_plate":4,"minecraft:oak_wall_sign":1,"minecraft:iron_door":5,"minecraft:hay_block":1,"minecraft:tall_seagrass":1,"minecraft:iron_ore":2,"minecraft:stripped_oak_wood":1,"minecraft:orange_tulip":1,"minecraft:brown_bed":1,"minecraft:grass":5,"minecraft:oak_log":3,"minecraft:coal_ore":66,"projectvibrantjourneys:short_grass":8,"minecraft:beetroots":79,"minecraft:vine":2,"minecraft:sand":25,"minecraft:dirt":3,"minecraft:stone":29,"minecraft:oak_leaves":9,"minecraft:green_bed":8},"minecraft:used":{"epicfight:skillbook":1,"minecraft:stone_pickaxe":114,"minecraft:wooden_pickaxe":8,"soul_like_armors_reworked:estusflask":3,"minecraft:green_bed":8,"minecraft:torch":32,"minecraft:spyglass":2,"minecraft:dirt":4,"minecraft:crafting_table":2,"soul_like_armors_reworked:dagger":110,"minecraft:apple":40,"minecraft:lantern":1,"minecraft:bread":20,"minecraft:cobblestone":4,"minecraft:furnace":1,"alexsmobs:animal_dictionary":2,"soulslikeuniverse:dagger":35,"minecraft:potato":5,"minecraft:brown_bed":1},"minecraft:custom":{"minecraft:interact_with_furnace":6,"minecraft:mob_kills":9,"minecraft:interact_with_crafting_table":9,"minecraft:interact_with_cartography_table":1,"minecraft:open_barrel":29,"minecraft:leave_game":4,"minecraft:time_since_death":1652,"minecraft:sleep_in_bed":4,"minecraft:climb_one_cm":18780,"minecraft:time_since_rest":2447,"minecraft:sprint_one_cm":1090582,"minecraft:damage_taken":3760,"minecraft:walk_one_cm":805943,"minecraft:drop":22,"minecraft:damage_dealt":2056,"minecraft:damage_dealt_absorbed":7,"minecraft:swim_one_cm":57496,"minecraft:talked_to_villager":1,"minecraft:fly_one_cm":160016,"minecraft:open_chest":34,"minecraft:crouch_one_cm":168,"minecraft:play_time":118474,"minecraft:sneak_time":806,"minecraft:deaths":9,"minecraft:walk_under_water_one_cm":31321,"minecraft:jump":1081,"minecraft:walk_on_water_one_cm":57605,"minecraft:total_world_time":118474,"minecraft:fall_one_cm":13561},"minecraft:dropped":{"minecraft:bread":10,"minecraft:raw_copper":5,"born_in_chaos_v1:monster_flesh":2,"minecraft:hay_block":1,"minecraft:oak_sapling":1,"gravestone:obituary":6,"minecraft:sand":24},"minecraft:killed":{"farlanders:rebel":1,"born_in_chaos_v1:bone_imp_minion":2,"minecraft:spider":2,"soulslikeuniverse:thief":1,"minecraft:zombie":1,"born_in_chaos_v1:dread_hound":1},"minecraft:picked_up":{"born_in_chaos_v1:corpse_maggot":1,"minecraft:crafting_table":1,"born_in_chaos_v1:monster_flesh":5,"minecraft:iron_door":5,"soulslikeuniverse:presentchest":1,"minecraft:wooden_pickaxe":1,"minecraft:potato":2,"minecraft:brown_bed":1,"minecraft:oak_log":3,"gravestone:obituary":2,"minecraft:gunpowder":2,"minecraft:string":1,"minecraft:dirt":4,"minecraft:lantern":1,"minecraft:raw_copper":5,"minecraft:wooden_sword":1,"born_in_chaos_v1:monster_skin":1,"minecraft:bone":2,"minecraft:apple":17,"minecraft:oak_sign":1,"minecraft:beetroot":64,"minecraft:wheat_seeds":1,"minecraft:calcite":2,"minecraft:stripped_oak_wood":1,"soul_like_armors_reworked:dagger":1,"minecraft:poppy":1,"alexsmobs:raccoon_tail":1,"minecraft:oak_planks":1,"minecraft:oak_slab":1,"minecraft:stick":2,"minecraft:raw_iron":2,"minecraft:sweet_berries":1,"minecraft:green_bed":9,"minecraft:gravel":2,"minecraft:sand":24,"minecraft:amethyst_shard":2,"minecraft:spider_eye":1,"alexsmobs:animal_dictionary":1,"soul_like_armors_reworked:estusflask":12,"minecraft:arrow":1,"minecraft:rotten_flesh":1,"minecraft:polished_blackstone_pressure_plate":3,"minecraft:hay_block":1,"swem:alfalfa_seeds":1,"gamma_beasts:coal_nugget":11,"soulslikeuniverse:dagger":1,"minecraft:bread":15,"soulslikeuniverse:repairstone":1,"minecraft:oak_sapling":4,"projectvibrantjourneys:twigs":1,"minecraft:coal":67,"minecraft:cobblestone":27},"minecraft:killed_by":{"bloodandmadness:beast_patient":1,"soulslikeuniverse:hollowsoldiersword":1,"minecraft:skeleton":1,"minecraft:spider":1,"minecraft:pillager":2,"farlanders:classic_enderman":1,"soulslikeuniverse:fieldboss_crucibleknight":1,"farlanders:looter":1}},"DataVersion":3465}