{"stats":{"minecraft:mined":{"minecraft:cyan_wool":4,"minecraft:gray_wool":2,"minecraft:light_blue_bed":2,"minecraft:dark_oak_slab":1,"minecraft:glass_pane":1,"minecraft:birch_log":1,"minecraft:brown_bed":1,"minecraft:dirt":1,"minecraft:tall_grass":2,"projectvibrantjourneys:fallen_leaves":1,"minecraft:oak_planks":1,"minecraft:oak_leaves":1},"minecraft:dropped":{"projectvibrantjourneys:fallen_leaves":1,"minecraft:dark_oak_slab":1,"minecraft:chainmail_leggings":1,"minecraft:armor_stand":1},"minecraft:killed":{"born_in_chaos_v1:bloody_gadfly":1},"minecraft:picked_up":{"minecraft:wheat":3,"minecraft:dark_oak_slab":1,"projectvibrantjourneys:fallen_leaves":1,"minecraft:brown_bed":1,"minecraft:chainmail_chestplate":1,"minecraft:light_blue_bed":2,"minecraft:string":2,"minecraft:armor_stand":1,"minecraft:chainmail_leggings":1,"minecraft:cyan_wool":2},"minecraft:custom":{"minecraft:time_since_rest":398,"minecraft:sprint_one_cm":393666,"minecraft:damage_taken":244,"minecraft:walk_one_cm":193375,"minecraft:mob_kills":1,"minecraft:drop":4,"minecraft:damage_dealt":220,"minecraft:interact_with_crafting_table":2,"minecraft:swim_one_cm":3666,"minecraft:talked_to_villager":1,"minecraft:fly_one_cm":26650,"minecraft:open_barrel":9,"minecraft:open_chest":33,"minecraft:crouch_one_cm":26,"minecraft:interact_with_loom":1,"minecraft:play_time":28154,"minecraft:sneak_time":509,"minecraft:walk_under_water_one_cm":3866,"minecraft:jump":125,"minecraft:interact_with_grindstone":1,"minecraft:interact_with_blast_furnace":1,"minecraft:leave_game":1,"minecraft:time_since_death":28154,"minecraft:walk_on_water_one_cm":15456,"minecraft:sleep_in_bed":2,"minecraft:total_world_time":28154,"minecraft:fall_one_cm":1568},"minecraft:used":{"minecraft:bread":14,"minecraft:iron_pickaxe":12,"minecraft:iron_sword":4}},"DataVersion":3465}