{"stats":{"minecraft:crafted":{"minecraft:oak_planks":12,"minecraft:crafting_table":1,"minecraft:wooden_pickaxe":1,"minecraft:baked_potato":26,"minecraft:furnace":1,"minecraft:air":0,"minecraft:stick":12,"minecraft:iron_ingot":2,"minecraft:stone_pickaxe":2,"minecraft:torch":32},"minecraft:broken":{"minecraft:stone_pickaxe":1},"minecraft:mined":{"iceandfire:lightning_lily":1,"minecraft:oak_slab":1,"minecraft:amethyst_cluster":1,"minecraft:crafting_table":1,"gravestone:gravestone":10,"minecraft:melon":13,"minecraft:grass_block":7,"minecraft:calcite":2,"minecraft:sponge":1,"minecraft:copper_ore":2,"minecraft:tall_grass":2,"minecraft:oak_planks":1,"minecraft:polished_blackstone_pressure_plate":4,"minecraft:oak_wall_sign":1,"minecraft:iron_door":5,"minecraft:hay_block":1,"minecraft:tall_seagrass":1,"minecraft:iron_ore":11,"minecraft:mangrove_leaves":1,"minecraft:stripped_oak_wood":1,"minecraft:orange_tulip":1,"minecraft:brown_bed":4,"minecraft:grass":8,"minecraft:oak_log":3,"minecraft:coal_ore":71,"projectvibrantjourneys:short_grass":9,"minecraft:beetroots":79,"minecraft:vine":2,"minecraft:sand":25,"minecraft:dirt":3,"minecraft:stone":50,"minecraft:oak_leaves":9,"minecraft:green_bed":10},"minecraft:used":{"epicfight:skillbook":1,"minecraft:stone_pickaxe":146,"minecraft:baked_potato":15,"minecraft:wooden_pickaxe":8,"soul_like_armors_reworked:estusflask":3,"minecraft:green_bed":11,"minecraft:glow_berries":11,"minecraft:torch":32,"minecraft:spyglass":2,"minecraft:dirt":4,"minecraft:crafting_table":2,"soul_like_armors_reworked:dagger":136,"minecraft:apple":40,"minecraft:lantern":1,"minecraft:bread":30,"minecraft:iron_pickaxe":4,"minecraft:cobblestone":7,"travelersbackpack:standard":4,"minecraft:furnace":1,"minecraft:pumpkin_pie":3,"alexsmobs:animal_dictionary":2,"soulslikeuniverse:dagger":35,"minecraft:potato":5,"minecraft:brown_bed":4},"minecraft:custom":{"minecraft:interact_with_furnace":8,"minecraft:mob_kills":10,"minecraft:interact_with_crafting_table":10,"minecraft:interact_with_cartography_table":1,"minecraft:open_barrel":35,"minecraft:leave_game":4,"minecraft:time_since_death":924,"minecraft:sleep_in_bed":8,"minecraft:climb_one_cm":25688,"minecraft:time_since_rest":957,"minecraft:sprint_one_cm":1691861,"minecraft:damage_taken":5438,"minecraft:walk_one_cm":1306696,"minecraft:drop":48,"minecraft:damage_dealt":2553,"minecraft:damage_dealt_absorbed":7,"minecraft:swim_one_cm":113706,"minecraft:talked_to_villager":2,"minecraft:fly_one_cm":275860,"minecraft:open_chest":49,"minecraft:crouch_one_cm":269,"minecraft:play_time":190474,"minecraft:sneak_time":1074,"minecraft:deaths":13,"minecraft:walk_under_water_one_cm":64839,"minecraft:jump":2144,"minecraft:interact_with_smoker":2,"minecraft:walk_on_water_one_cm":115343,"minecraft:total_world_time":190474,"minecraft:fall_one_cm":31188},"minecraft:dropped":{"minecraft:bread":16,"alexsmobs:acacia_blossom":1,"alexsmobs:animal_dictionary":2,"minecraft:raw_copper":5,"swem:alfalfa_seeds":1,"minecraft:iron_helmet":2,"minecraft:copper_ingot":13,"minecraft:coal":1,"born_in_chaos_v1:monster_flesh":5,"minecraft:hay_block":1,"iceandfire:lightning_lily":2,"minecraft:oak_sapling":1,"minecraft:spider_eye":1,"gravestone:obituary":12,"minecraft:sand":24},"minecraft:killed":{"farlanders:rebel":1,"born_in_chaos_v1:bone_imp_minion":2,"minecraft:spider":2,"soulslikeuniverse:thief":1,"minecraft:pillager":1,"minecraft:zombie":1,"born_in_chaos_v1:dread_hound":1},"minecraft:picked_up":{"born_in_chaos_v1:corpse_maggot":1,"minecraft:crafting_table":1,"born_in_chaos_v1:monster_flesh":5,"minecraft:iron_door":5,"soulslikeuniverse:presentchest":1,"alexsmobs:acacia_blossom":1,"minecraft:wooden_pickaxe":1,"minecraft:potato":2,"minecraft:brown_bed":5,"minecraft:oak_log":3,"gravestone:obituary":7,"minecraft:gunpowder":2,"minecraft:string":1,"minecraft:dirt":4,"minecraft:lantern":1,"minecraft:raw_copper":9,"minecraft:wooden_sword":1,"born_in_chaos_v1:monster_skin":1,"minecraft:bone":2,"minecraft:apple":17,"minecraft:oak_sign":1,"minecraft:beetroot":64,"minecraft:wheat_seeds":1,"minecraft:melon_slice":64,"minecraft:calcite":2,"minecraft:stripped_oak_wood":1,"soul_like_armors_reworked:dagger":1,"minecraft:poppy":1,"alexsmobs:raccoon_tail":1,"minecraft:oak_planks":1,"minecraft:oak_slab":1,"minecraft:stick":2,"minecraft:raw_iron":11,"minecraft:sweet_berries":1,"minecraft:green_bed":11,"minecraft:gravel":2,"minecraft:sand":24,"minecraft:amethyst_shard":2,"minecraft:spider_eye":1,"alexsmobs:animal_dictionary":3,"travelersbackpack:standard":3,"iceandfire:lightning_lily":2,"soul_like_armors_reworked:estusflask":12,"minecraft:arrow":1,"minecraft:rotten_flesh":1,"minecraft:polished_blackstone_pressure_plate":3,"minecraft:iron_helmet":2,"minecraft:hay_block":1,"swem:alfalfa_seeds":2,"gamma_beasts:coal_nugget":13,"soulslikeuniverse:dagger":1,"minecraft:bread":21,"soulslikeuniverse:repairstone":1,"minecraft:oak_sapling":4,"projectvibrantjourneys:twigs":1,"minecraft:coal":70,"minecraft:cobblestone":48},"minecraft:killed_by":{"bloodandmadness:beast_patient":1,"soulslikeuniverse:hollowsoldiersword":1,"minecraft:vindicator":1,"minecraft:skeleton":1,"minecraft:spider":1,"iceandfire:lightning_dragon":1,"minecraft:pillager":2,"farlanders:classic_enderman":1,"soulslikeuniverse:fieldboss_crucibleknight":1,"soulslikeuniverse:monsterblasphemyknight":1,"farlanders:looter":1,"soulslikeuniverse:monstergodricksoldier":1}},"DataVersion":3465}