{"stats":{"minecraft:custom":{"minecraft:interact_with_furnace":2,"minecraft:mob_kills":4,"minecraft:interact_with_crafting_table":8,"minecraft:open_barrel":47,"minecraft:interact_with_loom":1,"minecraft:interact_with_grindstone":1,"minecraft:leave_game":4,"minecraft:time_since_death":126118,"minecraft:sleep_in_bed":7,"minecraft:climb_one_cm":506,"minecraft:sprint_one_cm":1504990,"minecraft:time_since_rest":10347,"minecraft:damage_absorbed":5,"minecraft:damage_taken":1396,"minecraft:walk_one_cm":1024679,"minecraft:drop":14,"minecraft:damage_dealt":984,"minecraft:swim_one_cm":52144,"minecraft:talked_to_villager":2,"minecraft:fly_one_cm":101756,"minecraft:open_chest":86,"minecraft:crouch_one_cm":93,"minecraft:play_time":126118,"minecraft:sneak_time":772,"minecraft:walk_under_water_one_cm":41446,"minecraft:jump":537,"minecraft:interact_with_blast_furnace":3,"minecraft:walk_on_water_one_cm":38766,"minecraft:total_world_time":126118,"minecraft:fall_one_cm":10206},"minecraft:picked_up":{"gamma_beasts:thin_oak_log":43,"minecraft:wheat":3,"minecraft:azure_bluet":1,"projectvibrantjourneys:icicle":4,"projectvibrantjourneys:fallen_leaves":18,"minecraft:brown_bed":1,"gamma_beasts:oak_leaf":51,"gamma_beasts:green_apple":42,"minecraft:chainmail_chestplate":1,"minecraft:string":2,"minecraft:dirt":806,"minecraft:armor_stand":1,"minecraft:iron_shovel":1,"minecraft:stone_bricks":4,"minecraft:bow":1,"minecraft:wheat_seeds":123,"minecraft:red_sand":10,"minecraft:spruce_planks":2,"minecraft:cyan_wool":2,"minecraft:player_head":1,"minecraft:spruce_slab":1,"projectvibrantjourneys:light_brown_bark_mushroom":6,"minecraft:stick":19,"minecraft:dark_oak_slab":1,"minecraft:sand":77,"minecraft:spruce_sapling":15,"minecraft:spruce_log":134,"minecraft:light_blue_bed":3,"soul_like_armors_reworked:estusflask":2,"minecraft:diamond":4,"minecraft:chainmail_leggings":1,"projectvibrantjourneys:cattail":1},"minecraft:broken":{"minecraft:iron_shovel":4},"minecraft:used":{"minecraft:beetroot":11,"minecraft:iron_shovel":1073,"travelersbackpack:iron_golem":2,"minecraft:iron_sword":6,"gamma_beasts:thin_oak_log":1,"minecraft:golden_apple":2,"minecraft:dirt":163,"minecraft:spruce_log":23,"soul_like_armors_reworked:dagger":66,"minecraft:apple":8,"minecraft:iron_axe":227,"minecraft:bread":45,"minecraft:iron_pickaxe":35,"minecraft:light_blue_bed":3,"minecraft:golden_carrot":2},"minecraft:crafted":{"minecraft:iron_axe":1,"minecraft:stick":4,"minecraft:iron_shovel":6},"minecraft:mined":{"projectvibrantjourneys:cattail":1,"minecraft:spruce_planks":7,"minecraft:glass_pane":3,"minecraft:deepslate_diamond_ore":4,"projectvibrantjourneys:rocks":2,"minecraft:red_sand":10,"projectvibrantjourneys:twigs":5,"minecraft:grass_block":631,"projectvibrantjourneys:mossy_rocks":2,"minecraft:tall_grass":164,"minecraft:spruce_leaves":8,"minecraft:oak_planks":1,"projectvibrantjourneys:fallen_leaves":10,"minecraft:spawner":3,"minecraft:black_stained_glass_pane":2,"minecraft:gray_wool":2,"minecraft:cyan_wool":4,"minecraft:black_stained_glass":3,"minecraft:dark_oak_slab":1,"minecraft:light_blue_bed":3,"minecraft:birch_log":1,"minecraft:spruce_log":149,"minecraft:azure_bluet":1,"minecraft:brown_bed":1,"gamma_beasts:thin_oak_log":50,"minecraft:grass":476,"projectvibrantjourneys:short_grass":126,"minecraft:dirt_path":2,"minecraft:sand":14,"minecraft:dirt":314,"minecraft:cobweb":1,"minecraft:stone_bricks":4,"minecraft:player_head":1,"minecraft:oak_leaves":3},"minecraft:dropped":{"minecraft:iron_ingot":2,"minecraft:wheat_seeds":64,"gamma_beasts:oak_leaf":51,"minecraft:dark_oak_slab":1,"minecraft:azure_bluet":1,"minecraft:dirt":27,"projectvibrantjourneys:fallen_leaves":1,"minecraft:spruce_slab":1,"minecraft:chainmail_leggings":1,"minecraft:iron_shovel":2,"minecraft:gold_ingot":8,"minecraft:armor_stand":1},"minecraft:killed":{"minecraft:skeleton":2,"born_in_chaos_v1:bloody_gadfly":1,"farlanders:mystic_enderminion":1}},"DataVersion":3465}