{"stats":{"minecraft:custom":{"minecraft:interact_with_crafting_table":228,"minecraft:play_time":5331591,"minecraft:deaths":100,"minecraft:jump":30936,"minecraft:play_record":1,"minecraft:interact_with_cartography_table":8,"minecraft:interact_with_smoker":58,"minecraft:horse_one_cm":5624,"minecraft:interact_with_anvil":24,"minecraft:inspect_hopper":1,"minecraft:tune_noteblock":21,"minecraft:time_since_rest":85185,"minecraft:swim_one_cm":2401274,"minecraft:open_chest":3705,"minecraft:damage_resisted":83,"minecraft:play_noteblock":5,"minecraft:talked_to_villager":31,"minecraft:interact_with_brewingstand":9,"minecraft:damage_dealt_resisted":23442,"minecraft:raid_win":1,"minecraft:boat_one_cm":1693957,"minecraft:damage_taken":91970,"minecraft:open_barrel":786,"minecraft:bell_ring":3,"minecraft:leave_game":115,"minecraft:time_since_death":351621,"minecraft:enchant_item":38,"minecraft:interact_with_furnace":252,"minecraft:traded_with_villager":1,"minecraft:sleep_in_bed":273,"minecraft:damage_dealt":218822,"minecraft:interact_with_smithing_table":20,"minecraft:damage_dealt_absorbed":6300,"minecraft:sneak_time":29840,"minecraft:interact_with_lectern":1,"minecraft:interact_with_blast_furnace":63,"minecraft:total_world_time":5331591,"minecraft:interact_with_stonecutter":3,"minecraft:fly_one_cm":11560515,"minecraft:fish_caught":4,"minecraft:fall_one_cm":535690,"minecraft:animals_bred":180,"minecraft:sprint_one_cm":39223306,"minecraft:drop":1175,"minecraft:walk_on_water_one_cm":986921,"minecraft:interact_with_loom":3,"minecraft:player_kills":4,"minecraft:crouch_one_cm":14654,"minecraft:mob_kills":2204,"minecraft:climb_one_cm":655338,"minecraft:walk_one_cm":31130412,"minecraft:walk_under_water_one_cm":1391261,"minecraft:pot_flower":3,"minecraft:interact_with_grindstone":26,"minecraft:damage_absorbed":366,"minecraft:trigger_trapped_chest":5},"minecraft:used":{"minecraft:writable_book":1,"farmersdelight:cabbage_seeds":170,"iceandfire:dragon_skull_ice":1,"minecraft:poppy":7,"luphieclutteredmod:luphie_sweetheart_counter_a":1,"minecraft:rotten_flesh":7,"luphieclutteredmod:luphie_wood_endtable":1,"farmersdelight:steak_and_potatoes":1,"minecraft:spruce_boat":1,"minecraft:jungle_sapling":2,"the_pillager_legion_:legion_showel_tpl":802,"farmersdelight:fried_rice":35,"farmersdelight:rotten_tomato":1,"variantvanillablocks:cherry_crafting_table":2,"minecraft:bow":174,"minecraft:oak_sapling":11,"mcwdoors:mangrove_japanese_door":2,"projectvibrantjourneys:light_brown_bark_mushroom":1,"minecraft:mossy_stone_bricks":1,"minecraft:lily_pad":4,"minecraft:blackstone":1,"minecraft:composter":1,"minecraft:parrot_spawn_egg":1,"minecraft:golden_apple":7,"minecraft:glow_berries":12,"astikorcarts:plow":1,"variantvanillablocks:acacia_smoker":1,"twilightforest:time_sapling":1,"luphieclutteredmod:luphie_sweetheart_kitchen_table":2,"minecraft:diamond_sword":3,"alexscaves:heart_of_iron":1,"minecraft:oak_boat":4,"ecologics:walnut_log":1,"minecraft:armor_stand":1,"minecraft:light_gray_carpet":16,"oresabovediamonds:amethyst_sword":2400,"mcwbridges:rope_cherry_bridge":30,"minecraft:mangrove_fence":3,"minecraft:torch":1119,"variantvanillablocks:spruce_smoker":3,"luphieclutteredmod:luphie_cluttered_desk":6,"projectvibrantjourneys:fallen_leaves":9,"minecraft:cherry_slab":29,"minecraft:barrel":1,"minecraft:basalt":3,"farmersdelight:tomato_seeds":42,"minecraft:acacia_planks":56,"minecraft:cherry_log":91,"minecraft:wheat_seeds":697,"minecraft:birch_planks":20,"variantvanillablocks:cherry_chest":14,"minecraft:cherry_planks":180,"luphieclutteredmod:plant_ladder":2,"minecraft:spruce_fence_gate":16,"minecraft:diamond_block":6,"minecraft:red_bed":3,"the_pillager_legion_:legion_sword_tpl":9,"minecraft:white_bed":4,"minecraft:campfire":4,"minecraft:spruce_log":147,"projectvibrantjourneys:twigs":1,"gamma_beasts:fried_egg":98,"minecraft:diamond_pickaxe":92,"mcdw:double_axe_whirlwind":6,"minecraft:spruce_sapling":33,"minecraft:pink_bed":2,"minecraft:potion":2,"minecraft:cooked_porkchop":44,"minecraft:dandelion":12,"twilightforest:cicada":1,"ecologics:azalea_flower":1,"minecraft:cherry_sapling":83,"handcrafted:birch_table":2,"minecraft:red_sand":20,"variantvanillablocks:acacia_crafting_table":1,"minecraft:grass":13,"ring_of_teleport:ring_of_teleport":19,"minecraft:music_disc_13":1,"twilightforest:hollow_oak_sapling":1,"minecraft:beehive":2,"wom:agony":7,"handcrafted:cherry_shelf":5,"minecraft:spruce_wood":151,"minecraft:lantern":16,"handcrafted:cherry_dining_bench":5,"minecraft:light_blue_bed":3,"epicfight:diamond_greatsword":1046,"minecraft:written_book":3,"born_in_chaos_v1:fel_lamp":1,"luphieclutteredmod:luphie_darkwood_quilted_bed":1,"iceandfire:armor_bronze_boots":1,"farmersdelight:chicken_soup":5,"epicfight:skillbook":6,"pickablepets:pet":1,"minecraft:stone_pickaxe":12,"minecraft:oak_planks":24,"cozy_home:large_cherry_stump":5,"minecraft:sugar_cane":3,"minecraft:golden_hoe":32,"mcda:royal_guard_armor_chestplate":2,"farmersdelight:ratatouille":8,"iceandfire:dragonbone_sword":95,"minecraft:bread":328,"minecraft:iron_door":1,"mcdw:bow_love_spell_bow":153,"ecologics:coconut_slice":2,"iceandfire:pixie_house_mushroom_red":1,"variantvanillablocks:spruce_chest":11,"iceandfire:dragon_skull_fire":1,"born_in_chaos_v1:river_mint":1,"minecraft:chain":3,"minecraft:stripped_cherry_log":2,"minecraft:bone_meal":357,"handcrafted:cherry_table":3,"twilightforest:canopy_planks":36,"bloodandmadness:weapons/church_scythe":2,"minecraft:rose_bush":4,"minecraft:flint_and_steel":2,"farmersdelight:rich_soil":1,"minecraft:cooked_chicken":2,"minecraft:dirt":1175,"alexscaves:cooked_tripodfish":1,"alexsmobs:maraca":197,"luphieclutteredmod:luphie_hanging_dish_towel":3,"minecraft:spruce_fence":97,"minecraft:iron_hoe":338,"minecraft:oak_stairs":8,"mcwdoors:acacia_glass_door":5,"minecraft:pitcher_plant":1,"the_pillager_legion_:legion_deep":2,"minecraft:cooked_beef":58,"minecraft:enchanted_golden_apple":1,"minecraft:pumpkin":4,"minecraft:light_gray_bed":2,"luphieclutteredmod:luphie_plant_jar":2,"minecraft:baked_potato":679,"minecraft:birch_boat":8,"minecraft:spruce_sign":5,"minecraft:green_bed":2,"variantvanillablocks:birch_crafting_table":1,"twilightforest:canopy_log":5,"minecraft:bamboo_block":4,"minecraft:flower_pot":3,"minecraft:cherry_door":5,"minecraft:chicken":4,"luphieclutteredmod:luphie_sweetheart_kitchen_sink":2,"minecraft:stone_axe":23,"twilightforest:twilight_oak_wood":4,"minecraft:pumpkin_pie":2,"minecraft:peony":12,"minecraft:beetroot":11,"minecraft:spruce_slab":10,"minecraft:ladder":58,"minecraft:chest":3,"twilightforest:canopy_sapling":35,"soul_like_armors_reworked:darkknightsword":21,"simplyswords:diamond_rapier":145,"minecraft:acacia_sapling":2,"iceandfire:spawn_egg_hippocampus":1,"minecraft:birch_sapling":8,"mcwbridges:cherry_rope_bridge_stair":6,"luphieclutteredmod:luphie_pink_window":18,"minecraft:dark_oak_boat":7,"minecraft:sweet_berries":1,"minecraft:furnace":10,"minecraft:egg":42,"minecraft:potato":467,"farmersdelight:beef_stew":10,"projectvibrantjourneys:rocks":1,"minecraft:spruce_door":9,"elevatorid:elevator_white":8,"minecraft:sand":190,"luphieclutteredmod:luphie_darkwood_decorative_shelves":2,"iceandfire:frozen_splinters":3,"farmersdelight:rice":43,"handcrafted:birch_drawer":5,"gamma_beasts:blackberry":2,"cfm:spruce_table":3,"soul_like_armors_reworked:rustysteel_boots":1,"minecraft:pumpkin_seeds":5,"minecraft:cherry_hanging_sign":4,"minecraft:stone_button":1,"minecraft:polished_granite":2,"minecraft:cherry_sign":15,"cfm:spruce_mail_box":1,"minecraft:soul_lantern":5,"minecraft:dark_oak_fence":9,"minecraft:white_stained_glass":41,"minecraft:pink_stained_glass":32,"cozy_home:cherry_bench":10,"iceandfire:armor_white_chestplate":2,"undergarden:grongle_sapling":1,"mcwdoors:birch_swamp_door":2,"minecraft:stick":1,"minecraft:wheat":4,"luphieclutteredmod:luphie_retro_white_fridge":1,"minecraft:flowering_azalea":3,"soul_like_armors_reworked:dagger":170,"luphieclutteredmod:luphie_sewing_table":2,"minecraft:iron_axe":1958,"minecraft:chicken_spawn_egg":1,"minecraft:cherry_fence_gate":1,"minecraft:melon_seeds":6,"overweight_farming:overweight_potato_block":1,"farmersdelight:cooking_pot":5,"ecologics:coconut_seedling":1,"minecraft:cobbled_deepslate":33,"minecraft:cherry_fence":34,"luphieclutteredmod:luphie_safe":1,"minecraft:water_bucket":54,"luphieclutteredmod:luphie_wedding_arch":3,"minecraft:cartography_table":1,"minecraft:fletching_table":1,"iceandfire:dragon_skull_lightning":3,"twilightforest:twilight_oak_sapling":4,"minecraft:tnt":1,"minecraft:crafting_table":2,"variantvanillablocks:acacia_chest":9,"minecraft:cake":1,"minecraft:oak_log":42,"twilightforest:sorting_sapling":1,"minecraft:mangrove_propagule":8,"minecraft:iron_pickaxe":2759,"born_in_chaos_v1:staffofthe_summoner":6,"soul_like_armors_reworked:dark_knight_helmet":18,"minecraft:cobblestone":166,"cfm:pink_sofa":2,"farmersdelight:egg_sandwich":40,"minecraft:glass_pane":124,"minecraft:candle":1,"minecraft:jukebox":1,"iceandfire:tide_trident":122,"luphieclutteredmod:luphie_gold_armchair":3,"travelersbackpack:horse":23,"minecraft:iron_shovel":2498,"minecraft:oak_sign":2,"minecraft:diamond_hoe":224,"minecraft:iron_sword":9,"minecraft:bell":1,"minecraft:player_head":1,"gamma_beasts:thin_oak_log":5,"travelersbackpack:pig":19,"minecraft:carrot":330,"minecraft:milk_bucket":3,"minecraft:glass":155,"alexsmobs:lobster_tail":1,"minecraft:stone_bricks":3,"farmersdelight:tomato_sauce":1,"minecraft:honeycomb_block":21,"minecraft:red_carpet":1,"minecraft:redstone_lamp":4,"minecraft:hay_block":50,"minecraft:scaffolding":3,"luphieclutteredmod:small_pink_shelf":2,"minecraft:beetroot_seeds":351,"travelersbackpack:enderman":54,"minecraft:large_fern":1,"minecraft:redstone_block":3,"travelersbackpack:iron_golem":46,"variantvanillablocks:birch_chest":12,"farmersdelight:organic_compost":5,"the_pillager_legion_:legion_axe_tpl":958,"undergarden:wigglewood_sapling":1,"gamma_beasts:cooked_meat":3,"farmersdelight:pasta_with_mutton_chop":6,"minecraft:dripstone_block":9,"minecraft:black_bed":1,"minecraft:shears":10,"cfm:blue_sofa":2,"minecraft:melon_slice":28,"minecraft:cyan_bed":2,"minecraft:grindstone":3,"minecraft:white_concrete":48,"minecraft:cobweb":79,"minecraft:experience_bottle":17,"minecraft:oak_fence":18,"minecraft:cherry_boat":15,"minecraft:stone_shovel":64,"minecraft:spruce_planks":88,"gamma_beasts:green_apple":36,"soul_like_armors_reworked:estusflask":216,"gamma_beasts:strawberry":3,"minecraft:spyglass":1,"alexscaves:ancient_sapling":1,"minecraft:spruce_stairs":158,"projectvibrantjourneys:bark_mushroom":3,"minecraft:cobblestone_wall":39,"mcwdoors:cherry_japanese2_door":4,"minecraft:cherry_trapdoor":18,"minecraft:golden_carrot":2,"projectvibrantjourneys:cattail":2,"mcda:spelunker_armor_helmet":19,"iceandfire:dragonbone_pickaxe":4540,"minecraft:brown_bed":5,"minecraft:cooked_mutton":34,"minecraft:pink_tulip":26,"iceandfire:fire_dragon_flesh":1,"minecraft:glass_bottle":7,"minecraft:polished_andesite":6,"ecologics:walnut_sapling":2,"farmersdelight:onion":149,"travelersbackpack:pink_sleeping_bag":1,"soul_like_armors_reworked:blackkatana":1738,"minecraft:painting":11,"minecraft:smoker":1,"cozy_home:cherry_desk":2,"minecraft:acacia_stairs":10,"minecraft:apple":25,"twilightforest:firefly":2,"farmersdelight:stuffed_potato":54,"iceandfire:dragonbone_bow":2399,"twilightforest:mangrove_sapling":1,"minecraft:fishing_rod":8,"minecraft:cherry_stairs":23,"luphieclutteredmod:luphie_darkwood_cabinet":1,"minecraft:bucket":56,"minecraft:splash_potion":1},"minecraft:mined":{"minecraft:blue_carpet":2,"minecraft:potted_pink_tulip":1,"minecraft:cut_sandstone_slab":1,"minecraft:white_bed":3,"luminous_nether:ghost_vent":1,"alexscaves:azure_neodymium_pillar":10,"travelersbackpack:red_sleeping_bag":5,"minecraft:acacia_log":8,"minecraft:light_gray_bed":3,"minecraft:green_concrete":83,"minecraft:bamboo_block":2,"minecraft:oak_wall_sign":3,"travelersbackpack:wolf":1,"minecraft:spawner":118,"overweight_farming:overweight_potato_block":2,"minecraft:polished_blackstone_bricks":21,"minecraft:magma_block":2,"minecraft:cobbled_deepslate":11,"minecraft:fire":24,"minecraft:barrel":1,"twilightforest:twilight_oak_wood":197,"minecraft:fletching_table":2,"minecraft:deepslate_lapis_ore":18,"variantvanillablocks:spruce_chest":8,"minecraft:potted_dandelion":2,"iceandfire:gold_pile":58,"minecraft:dead_tube_coral":1,"minecraft:light_gray_concrete":138,"farmersdelight:rice_panicles":165,"minecraft:spruce_wood":30,"minecraft:pink_tulip":33,"minecraft:player_head":2,"minecraft:tripwire":1,"minecraft:cut_sandstone":6,"minecraft:kelp_plant":1,"minecraft:smoker":1,"minecraft:torch":10,"minecraft:note_block":1,"the_pillager_legion_:legion_deep":8,"projectvibrantjourneys:twigs":19,"minecraft:melon":13,"minecraft:dead_bush":23,"minecraft:spruce_wall_sign":1,"farmersdelight:cabbages":73,"minecraft:sugar_cane":22,"minecraft:amethyst_block":59,"minecraft:cherry_slab":24,"minecraft:chain":9,"projectvibrantjourneys:light_brown_bark_mushroom":1,"minecraft:jungle_wood":3,"minecraft:mud":446,"twilightforest:cicada":2,"minecraft:pitcher_plant":12,"the_pillager_legion_:legion_cut_deep_2":1,"minecraft:grass":2040,"minecraft:smooth_quartz":111,"minecraft:sandstone_wall":1,"minecraft:mangrove_log":255,"twilightforest:canopy_log":68,"gamma_beasts:roble_ocuro_hojas":21,"minecraft:deepslate":458,"minecraft:suspicious_gravel":1,"minecraft:attached_pumpkin_stem":1,"twilightforest:firefly":1,"minecraft:deepslate_tiles":4,"minecraft:dark_prismarine":6,"minecraft:brown_concrete":223,"minecraft:mossy_cobblestone":8,"farmersdelight:wild_carrots":8,"minecraft:cherry_sapling":5,"minecraft:dark_oak_log":7,"minecraft:dark_oak_fence":6,"minecraft:spruce_fence":43,"iceandfire:frozen_grass":5,"minecraft:red_mushroom":8,"minecraft:cherry_wall_sign":1,"farmersdelight:wild_onions":15,"minecraft:redstone_ore":2,"minecraft:andesite":17,"twilightforest:twilight_oak_leaves":158,"minecraft:mossy_stone_brick_stairs":1,"minecraft:vine":39,"minecraft:potted_spruce_sapling":2,"minecraft:bone_block":77,"projectvibrantjourneys:seashells":1,"minecraft:cherry_fence_gate":1,"iceandfire:podium_spruce":1,"minecraft:oak_slab":1,"minecraft:redstone_block":4,"minecraft:glass_pane":35,"minecraft:soul_sand":21,"minecraft:dandelion":48,"luphieclutteredmod:luphie_sweetheart_kitchen_table":1,"minecraft:cornflower":27,"minecraft:warped_roots":2,"luminous_nether:golden_fungi":2,"projectvibrantjourneys:mossy_rocks":3,"minecraft:campfire":4,"luphieclutteredmod:plant_ladder":1,"minecraft:copper_ore":8,"minecraft:tall_grass":717,"minecraft:deepslate_gold_ore":18,"farmersdelight:wild_tomatoes":28,"minecraft:black_stained_glass":5,"minecraft:coarse_dirt":4,"minecraft:light_blue_bed":4,"minecraft:cobblestone_wall":3,"minecraft:stripped_spruce_wood":2,"minecraft:mangrove_leaves":6,"faded_conquest_2:terrible_tensummon":1,"iceandfire:silver_pile":101,"minecraft:sunflower":3,"minecraft:gravel":30,"minecraft:cobweb":190,"minecraft:stone_bricks":76,"minecraft:cherry_sign":6,"minecraft:gold_ore":12,"minecraft:fern":53,"undergarden:wigglewood_leaves":1,"minecraft:stone_pressure_plate":3,"farmersdelight:rich_soil":6,"minecraft:oak_sapling":1,"minecraft:farmland":22,"luminous_nether:tall_ash_grass":2,"cozy_home:large_cherry_stump":3,"minecraft:cracked_polished_blackstone_bricks":12,"minecraft:white_concrete":148,"alexscaves:sulfur":2,"minecraft:gilded_blackstone":3,"projectvibrantjourneys:prickly_bush":1,"handcrafted:birch_drawer":3,"minecraft:mossy_cobblestone_slab":1,"weapons_deluxe:deepslateplatinumore":2,"born_in_chaos_v1:black_argillite_brick_stairs":6,"minecraft:brown_bed":5,"minecraft:red_tulip":1,"minecraft:flowering_azalea_leaves":1,"minecraft:iron_bars":34,"cozy_home:cherry_bench":6,"minecraft:potted_cornflower":1,"minecraft:azalea":17,"gamma_beasts:thin_cherry_log":12,"minecraft:spruce_slab":6,"twilightforest:mangrove_leaves":9,"minecraft:deepslate_redstone_ore":15,"minecraft:quartz_block":56,"ecologics:pot":2,"projectvibrantjourneys:sea_oats":2,"minecraft:nether_quartz_ore":73,"minecraft:oak_planks":22,"minecraft:wall_torch":40,"minecraft:dark_oak_slab":5,"epicsamurai:aquamarine_ore":4,"born_in_chaos_v1:river_mint":1,"minecraft:smooth_stone_slab":4,"minecraft:oak_log":79,"minecraft:beetroots":279,"minecraft:dirt":868,"minecraft:dispenser":1,"luminous_nether:white_fire":20,"luphieclutteredmod:luphie_gold_armchair":3,"minecraft:quartz_stairs":1,"minecraft:dark_oak_leaves":14,"minecraft:mangrove_roots":392,"iceandfire:frozen_cobblestone":2,"twilightforest:mangrove_root":2,"born_in_chaos_v1:infected_diamond_ore":11,"minecraft:ladder":1,"minecraft:purple_terracotta":1,"minecraft:stone_button":1,"luphieclutteredmod:luphie_wedding_arch":2,"luphieclutteredmod:luphie_darkwood_quilted_bed":1,"minecraft:birch_slab":1,"iceandfire:chared_dirt":1,"minecraft:spruce_leaves":84,"minecraft:hay_block":113,"minecraft:raw_gold_block":3,"minecraft:nether_sprouts":5,"handcrafted:cherry_shelf":3,"minecraft:orange_stained_glass_pane":2,"cozy_home:cherry_desk":1,"minecraft:gold_block":8,"minecraft:peony":3,"minecraft:nether_brick_fence":2,"gamma_beasts:acacia_hoja":1,"minecraft:bookshelf":3,"minecraft:deepslate_iron_ore":107,"minecraft:shroomlight":16,"minecraft:stripped_oak_log":1,"minecraft:acacia_leaves":9,"minecraft:scaffolding":3,"born_in_chaos_v1:marigolds":3,"handcrafted:cherry_table":1,"minecraft:basalt":46,"minecraft:polished_granite":7,"minecraft:oak_fence":14,"gamma_beasts:cherry_hoja_1":5,"minecraft:deepslate_coal_ore":35,"minecraft:polished_blackstone_brick_stairs":3,"gamma_beasts:abedul_hojas":2,"minecraft:birch_planks":10,"luminous_nether:fungirrack":12,"minecraft:ice":17,"iceandfire:pixie_house_mushroom_red":1,"iceandfire:ash":13,"minecraft:bee_nest":1,"minecraft:muddy_mangrove_roots":33,"elevatorid:elevator_white":6,"luminous_nether:loot_vase_4":1,"minecraft:cherry_leaves":1,"minecraft:cyan_carpet":2,"minecraft:cracked_stone_bricks":1,"minecraft:small_dripleaf":12,"minecraft:mossy_stone_bricks":29,"pots_and_mimics:treasure_pot":28,"alexscaves:scarlet_neodymium_pillar":12,"minecraft:dark_oak_planks":8,"minecraft:cherry_log":213,"minecraft:chiseled_red_sandstone":1,"minecraft:jungle_leaves":2,"minecraft:potted_crimson_fungus":1,"minecraft:obsidian":5,"minecraft:carved_pumpkin":1,"minecraft:chiseled_polished_blackstone":1,"minecraft:red_sand":46,"epicsamurai:silver_ore":1,"minecraft:jungle_log":15,"minecraft:coal_block":42,"minecraft:deepslate_bricks":3,"minecraft:oxeye_daisy":10,"minecraft:weeping_vines_plant":6,"minecraft:tall_seagrass":28,"mcwbridges:cherry_rope_bridge_stair":3,"minecraft:moss_carpet":18,"projectvibrantjourneys:bark_mushroom":3,"minecraft:pumpkin":37,"gamma_beasts:cherry_hoja":19,"minecraft:cave_vines":17,"minecraft:water_cauldron":1,"minecraft:dirt_path":6,"minecraft:oak_stairs":2,"minecraft:quartz_slab":5,"minecraft:smooth_sandstone_stairs":1,"minecraft:stripped_mangrove_wood":2,"minecraft:blue_orchid":17,"minecraft:iron_block":1,"mcwbridges:rope_cherry_bridge":22,"minecraft:piston_head":1,"weapons_deluxe:deepslaterubiore":7,"handcrafted:cherry_dining_bench":3,"variantvanillablocks:cherry_crafting_table":1,"minecraft:brown_mushroom":17,"minecraft:red_bed":3,"luphieclutteredmod:luphie_cluttered_desk":5,"ecologics:walnut_sapling":1,"minecraft:amethyst_cluster":1,"minecraft:polished_andesite_stairs":1,"minecraft:polished_diorite_slab":1,"minecraft:glass":17,"minecraft:cyan_bed":2,"projectvibrantjourneys:fallen_leaves":29,"pots_and_mimics:nether_treasure_pot":22,"minecraft:smooth_sandstone_slab":3,"minecraft:spruce_sign":4,"minecraft:cyan_wool":4,"minecraft:cherry_fence":7,"gamma_beasts:roble_oscuro_hoja_1":10,"minecraft:wheat":602,"minecraft:lilac":1,"luphieclutteredmod:luphie_sweetheart_kitchen_sink":1,"minecraft:stone_brick_stairs":7,"projectvibrantjourneys:short_grass":538,"minecraft:loom":1,"minecraft:stonecutter":1,"minecraft:red_mushroom_block":1,"born_in_chaos_v1:infernal_evil_pumpkin_s":1,"minecraft:piston":1,"mcwdoors:acacia_glass_door":2,"minecraft:yellow_terracotta":39,"minecraft:blue_stained_glass_pane":6,"iceandfire:silver_ore":3,"alexscaves:radrock":2,"minecraft:jack_o_lantern":1,"luphieclutteredmod:luphie_sewing_table":1,"projectvibrantjourneys:rocks":10,"ecologics:azalea_flower":1,"minecraft:nether_bricks":4,"minecraft:allium":30,"the_pillager_legion_:legion_cut_deep_3":4,"minecraft:jungle_planks":1,"born_in_chaos_v1:black_argillite":1,"minecraft:crimson_roots":2,"weapons_deluxe:rubiore":6,"minecraft:moss_block":302,"minecraft:kelp":1,"minecraft:black_stained_glass_pane":5,"luminous_nether:ghost_lamp":1,"minecraft:jungle_sapling":1,"minecraft:acacia_wood":83,"projectvibrantjourneys:orange_bark_mushroom":2,"luminous_nether:ash_bricks":1,"minecraft:diamond_block":3,"overweight_farming:seedless_peeled_melon":1,"alexscaves:heart_of_iron":1,"minecraft:potatoes":370,"luminous_nether:withered_log":35,"minecraft:smooth_quartz_stairs":17,"iceandfire:frost_lily":4,"minecraft:white_wool":7,"minecraft:cake":1,"projectvibrantjourneys:icicle":1,"minecraft:smithing_table":1,"minecraft:light_gray_carpet":8,"epicsamurai:jade_ore":6,"minecraft:gray_concrete":14,"minecraft:cherry_planks":16,"minecraft:brown_stained_glass_pane":1,"luminous_nether:loot_vase_5":2,"minecraft:brown_carpet":2,"minecraft:stone_brick_slab":8,"gamma_beasts:abedul_hoja_1":1,"minecraft:smooth_sandstone":1,"minecraft:emerald_ore":2,"twilightforest:nagastone":1,"cfm:spruce_table":2,"minecraft:dried_kelp_block":3,"luphieclutteredmod:small_pink_shelf":1,"minecraft:cherry_wall_hanging_sign":1,"minecraft:prismarine_brick_slab":1,"travelersbackpack:pig":1,"minecraft:torchflower":14,"minecraft:spruce_log":657,"minecraft:birch_leaves":9,"variantvanillablocks:acacia_chest":2,"variantvanillablocks:cherry_chest":4,"minecraft:dripstone_block":35,"minecraft:acacia_door":2,"minecraft:acacia_planks":2,"minecraft:spruce_fence_gate":5,"projectvibrantjourneys:oak_hollow_log":7,"minecraft:deepslate_emerald_ore":4,"minecraft:spruce_planks":41,"luphieclutteredmod:luphie_hanging_dish_towel":2,"minecraft:cobblestone_stairs":1,"minecraft:sculk_vein":1,"luminous_nether:golden_nylium":1,"minecraft:cave_vines_plant":9,"minecraft:cherry_trapdoor":5,"travelersbackpack:iron_golem":2,"minecraft:grass_block":1392,"minecraft:soul_soil":8,"farmersdelight:budding_tomatoes":6,"luminous_nether:golden_pop_shroom":1,"gamma_beasts:almandine":140,"minecraft:iron_ore":307,"minecraft:black_carpet":2,"minecraft:anvil":4,"minecraft:azure_bluet":5,"minecraft:dark_oak_stairs":2,"minecraft:cherry_hanging_sign":1,"minecraft:polished_granite_stairs":3,"minecraft:green_bed":2,"epicsamurai:spirit_stone_base":1,"projectvibrantjourneys:cattail":38,"minecraft:blackstone":7,"minecraft:cyan_terracotta":19,"farmersdelight:organic_compost":10,"luminous_nether:loot_vase_6":1,"minecraft:soul_lantern":10,"minecraft:chiseled_quartz_block":41,"minecraft:clay":20,"iceandfire:dragon_ice_spikes":116,"minecraft:calcite":50,"minecraft:poppy":9,"minecraft:chest":5,"iceandfire:frozen_dirt":2,"supplementaries:wild_flax":3,"farmersdelight:brown_mushroom_colony":1,"minecraft:mushroom_stem":14,"minecraft:cobblestone":42,"minecraft:honeycomb_block":21,"twilightforest:canopy_sapling":4,"minecraft:iron_door":3,"minecraft:deepslate_copper_ore":1,"minecraft:pink_petals":54,"minecraft:seagrass":34,"minecraft:acacia_sapling":2,"minecraft:brown_concrete_powder":1,"minecraft:dark_oak_door":3,"minecraft:nether_wart_block":12,"variantvanillablocks:spruce_smoker":1,"minecraft:birch_log":54,"projectvibrantjourneys:bones":5,"luminous_nether:goldenstem":42,"minecraft:stripped_oak_wood":1,"travelersbackpack:pink_sleeping_bag":1,"variantvanillablocks:birch_chest":2,"minecraft:sand":479,"minecraft:tripwire_hook":1,"minecraft:netherrack":104,"minecraft:oak_leaves":19,"minecraft:redstone_lamp":5,"minecraft:nether_gold_ore":16,"minecraft:red_carpet":7,"minecraft:tuff":20,"farmersdelight:onions":57,"minecraft:deepslate_diamond_ore":46,"minecraft:stripped_cherry_log":21,"gravestone:gravestone":79,"epicsamurai:deepslate_ruby_ore":5,"minecraft:weeping_vines":12,"farmersdelight:tomatoes":12,"iceandfire:frozen_splinters":20,"minecraft:mangrove_propagule":1,"minecraft:sandstone":26,"minecraft:large_fern":27,"minecraft:oak_trapdoor":1,"minecraft:carrots":206,"minecraft:spruce_sapling":1,"minecraft:furnace":5,"minecraft:acacia_stairs":2,"gamma_beasts:prehnite_ore":17,"minecraft:stripped_spruce_log":6,"minecraft:lantern":31,"minecraft:packed_ice":8,"gamma_beasts:thin_dark_oak_log":20,"minecraft:stone":1755,"minecraft:cherry_stairs":9,"farmersdelight:cooking_pot":2,"minecraft:flowering_azalea":11,"luminous_nether:goldmushroom":9,"minecraft:spruce_door":14,"luphieclutteredmod:luphie_darkwood_decorative_shelves":1,"projectvibrantjourneys:small_cactus":1,"minecraft:rose_bush":16,"born_in_chaos_v1:chipped_black_argillite_brick":1,"minecraft:lapis_ore":26,"minecraft:lily_pad":21,"minecraft:spruce_stairs":28,"minecraft:gray_wool":2,"minecraft:cactus":15,"cfm:blue_sofa":2,"gamma_beasts:thin_oak_log":51,"minecraft:coal_ore":1319,"ecologics:hanging_coconut":1,"minecraft:gray_carpet":1,"minecraft:polished_andesite":6,"travelersbackpack:enderman":1},"minecraft:picked_up":{"born_in_chaos_v1:charmof_stealth":1,"minecraft:smithing_table":1,"minecraft:lead":3,"farmersdelight:rice_panicle":160,"minecraft:enchanted_book":10,"bloodandmadness:weapons/hunting_axe":3,"minecraft:polished_blackstone_brick_stairs":1,"minecraft:string":351,"iceandfire:dragonbone_pickaxe":3,"minecraft:shroomlight":14,"minecraft:cherry_boat":11,"travelersbackpack:enderman":9,"iceandfire:myrmex_desert_resin":20,"the_pillager_legion_:legion_armor_helmet":3,"born_in_chaos_v1:shattered_skull":5,"minecraft:acacia_log":16,"twilightforest:cracked_etched_nagastone":1,"minecraft:golden_axe":1,"minecraft:honeycomb_block":21,"iceandfire:armor_bronze_chestplate":1,"born_in_chaos_v1:black_argillite_brick_stairs":4,"minecraft:cauldron":1,"minecraft:stone_sword":5,"minecraft:honey_bottle":1,"farmersdelight:onion":221,"minecraft:red_tulip":1,"minecraft:carved_pumpkin":1,"farmersdelight:rope":6,"projectvibrantjourneys:cattail":31,"supplementaries:ash":23,"minecraft:blaze_rod":27,"bloodandmadness:siderite_nugget":1,"minecraft:iron_bars":30,"luphieclutteredmod:luphie_sweetheart_kitchen_sink":1,"minecraft:snowball":15,"cozy_home:large_cherry_stump":3,"travelersbackpack:iron_golem":11,"minecraft:cooked_beef":2,"minecraft:feather":65,"farmersdelight:rice":11,"the_pillager_legion_:legion_sword_tpl":4,"minecraft:water_bucket":4,"minecraft:dark_oak_boat":6,"alexsmobs:bison_fur":1,"faded_conquest_2:key_of_conquest":1,"minecraft:flint":10,"minecraft:cherry_fence":7,"farmersdelight:tomato":152,"minecraft:lantern":32,"alexscaves:galena":4,"twilightforest:canopy_sapling":35,"born_in_chaos_v1:marigolds":3,"minecraft:stonecutter":1,"soul_like_armors_reworked:dark_knight_helmet":8,"minecraft:dark_oak_sign":9,"minecraft:diamond_helmet":2,"epicsamurai:raw_silver":1,"minecraft:chiseled_polished_blackstone":1,"ecologics:prickly_pear":4,"iceandfire:dragonscales_sapphire":39,"iceandfire:dragon_skull_fire":7,"soul_like_armors_reworked:dark_knight_leggings":6,"minecraft:stripped_spruce_log":6,"iceandfire:stymphalian_bird_feather":12,"iceandfire:lightning_dragon_heart":2,"minecraft:acacia_stairs":3,"minecraft:iron_hoe":1,"minecraft:polished_andesite":13,"twilightforest:canopy_planks":15,"minecraft:deepslate":10,"minecraft:lever":1,"aquamirae:cooked_spinefish":1,"minecraft:cherry_hanging_sign":2,"mcdw:double_axe_whirlwind":1,"knightquest:small_essence":12,"iceandfire:myrmex_desert_egg":2,"alexsmobs:tarantula_hawk_wing_fragment":1,"alexscaves:heart_of_iron":1,"born_in_chaos_v1:rotten_fish":8,"minecraft:jack_o_lantern":1,"epicsamurai:ruby":5,"minecraft:light_gray_carpet":9,"minecraft:crimson_roots":1,"gamma_beasts:cherry":46,"iceandfire:raw_silver":3,"minecraft:diamond_pickaxe":2,"alexscaves:raw_scarlet_neodymium":18,"iceandfire:dragon_skull_lightning":5,"minecraft:mud":408,"variantvanillablocks:cherry_crafting_table":1,"minecraft:clay_ball":138,"minecraft:leather_leggings":1,"born_in_chaos_v1:seedof_chaos":10,"minecraft:golden_pickaxe":1,"minecraft:redstone_lamp":6,"iceandfire:dragonbone_arrow":32,"born_in_chaos_v1:charmof_resistance":1,"minecraft:stripped_cherry_log":20,"minecraft:cornflower":35,"iceandfire:frozen_grass":4,"soul_like_armors_reworked:darkknightshield":1,"minecraft:acacia_door":3,"minecraft:flint_and_steel":1,"luminous_nether:torn_rag":1,"born_in_chaos_v1:intoxicating_decoction":13,"epicsamurai:jade":7,"minecraft:iron_shovel":2,"alexsmobs:komodo_spit":1,"travelersbackpack:pig":5,"luminous_nether:withered_pop_shroom":1,"minecraft:spruce_slab":24,"overweight_farming:seedless_peeled_melon":1,"minecraft:jungle_sapling":5,"twilightforest:naga_scale":5,"minecraft:poppy":11,"variantvanillablocks:acacia_chest":2,"minecraft:birch_sapling":12,"minecraft:piston":3,"minecraft:diamond_hoe":1,"minecraft:raw_gold_block":3,"minecraft:white_dye":12,"farmersdelight:tomato_seeds":51,"born_in_chaos_v1:pieceofdarkmetal":37,"iceandfire:deathworm_chitin_white":2,"iceandfire:dragon_skull_ice":13,"minecraft:stone_shovel":1,"minecraft:hay_block":106,"minecraft:yellow_terracotta":39,"born_in_chaos_v1:spiny_shell":1,"minecraft:totem_of_undying":4,"twilightforest:magic_map_focus":1,"bloodandmadness:weapons/church_scythe":1,"minecraft:mutton":87,"minecraft:rail":10,"minecraft:bone_block":64,"minecraft:oxeye_daisy":11,"luphieclutteredmod:luphie_sewing_table":1,"minecraft:tripwire_hook":2,"minecraft:smooth_red_sandstone":3,"iceandfire:sea_serpent_fang":11,"born_in_chaos_v1:monster_flesh":12,"alexscaves:sulfur_dust":3,"minecraft:yellow_dye":4,"minecraft:acacia_wood":112,"minecraft:torchflower":13,"iceandfire:armor_bronze_leggings":1,"minecraft:lily_pad":111,"luminous_nether:fungirrack":11,"minecraft:paper":134,"soul_like_armors_reworked:blackkatana":2,"twilightforest:raw_venison":5,"born_in_chaos_v1:soul_cutlass":1,"minecraft:apple":3,"farmersdelight:cooking_pot":2,"gamma_beasts:meat":14,"minecraft:wild_armor_trim_smithing_template":2,"minecraft:stone_pickaxe":2,"minecraft:iron_ore":2,"the_pillager_legion_:legion_cut_deep_3":4,"minecraft:cherry_sign":6,"weapons_deluxe:rubigem":25,"epicsamurai:aquamarine":4,"gamma_beasts:thin_dark_oak_log":19,"minecraft:polished_andesite_stairs":5,"iceandfire:copper_nugget":7,"minecraft:milk_bucket":1,"iceandfire:armor_bronze_helmet":1,"minecraft:sweet_berries":5,"born_in_chaos_v1:orbofthe_summoner":1,"minecraft:red_wool":1,"epicfight:uchigatana":1,"minecraft:crying_obsidian":1,"soul_like_armors_reworked:rustysteelmace":9,"minecraft:coal_ore":28,"minecraft:slime_ball":11,"minecraft:painting":51,"cfm:spruce_table":2,"iceandfire:ice_dragon_flesh":24,"alexscaves:scarlet_neodymium_pillar":12,"luphieclutteredmod:luphie_gold_armchair":3,"projectvibrantjourneys:orange_bark_mushroom":37,"minecraft:baked_potato":49,"projectvibrantjourneys:twigs":1,"minecraft:black_carpet":9,"minecraft:nether_brick_fence":3,"luphieclutteredmod:luphie_cluttered_desk":5,"minecraft:yellow_wool":4,"gamma_beasts:fur":40,"minecraft:gilded_blackstone":1,"minecraft:stone_brick_stairs":6,"minecraft:experience_bottle":4,"minecraft:smooth_red_sandstone_slab":3,"minecraft:red_sand":40,"farmersdelight:fried_rice":4,"luphieclutteredmod:luphie_sweetheart_kitchen_table":1,"minecraft:smooth_stone":1,"minecraft:bucket":2,"iceandfire:frost_lily":4,"minecraft:red_dye":14,"minecraft:rose_bush":8,"minecraft:azalea":36,"minecraft:wooden_shovel":1,"minecraft:iron_pickaxe":2,"minecraft:smooth_quartz":67,"iceandfire:armor_bronze_boots":1,"minecraft:smooth_quartz_stairs":10,"iceandfire:dragonscales_red":21,"minecraft:tipped_arrow":4,"ecologics:walnut_log":1,"alexscaves:raw_azure_neodymium":16,"variantvanillablocks:acacia_smoker":1,"minecraft:spruce_stairs":33,"luminous_nether:executioner_disc":1,"epicfight:skillbook":36,"iceandfire:rotten_egg":23,"iceandfire:crackled_gravel":1,"minecraft:rotten_flesh":215,"minecraft:mangrove_roots":260,"minecraft:obsidian":10,"minecraft:cobblestone":1604,"minecraft:pink_petals":115,"minecraft:muddy_mangrove_roots":33,"minecraft:lilac":26,"minecraft:cherry_planks":16,"minecraft:andesite":2,"gamma_beasts:prehnite":18,"minecraft:potato":1253,"minecraft:smooth_sandstone_stairs":1,"gamma_beasts:oak_leaf":53,"minecraft:dirt":2345,"iceandfire:dragonscales_bronze":56,"gamma_beasts:cherry_leaf":31,"minecraft:name_tag":2,"minecraft:glass":13,"minecraft:bone":518,"minecraft:acacia_planks":2,"minecraft:bow":14,"minecraft:wheat_seeds":1953,"minecraft:grindstone":1,"minecraft:mossy_stone_bricks":26,"minecraft:fletching_table":2,"overweight_farming:overweight_potato_block":2,"minecraft:grass_block":4,"minecraft:diamond_block":6,"iceandfire:frozen_dirt":1,"minecraft:mossy_cobblestone":2,"luminous_nether:ghost_vent":1,"soul_like_armors_reworked:dark_knight_boots":10,"minecraft:sugar":5,"luminous_nether:ghostly_essence":11,"twilightforest:twilight_oak_sapling":18,"minecraft:soul_lantern":10,"minecraft:cracked_polished_blackstone_bricks":9,"alexsmobs:rattlesnake_rattle":1,"minecraft:crossbow":1,"minecraft:bone_meal":132,"minecraft:grass":21,"minecraft:golden_apple":4,"minecraft:spruce_sign":5,"minecraft:emerald":51,"minecraft:parrot_spawn_egg":1,"minecraft:netherrack":97,"iceandfire:silver_nugget":1122,"born_in_chaos_v1:diamond_termite_shard":18,"minecraft:azure_bluet":6,"born_in_chaos_v1:river_mint":1,"mcwdoors:cherry_japanese2_door":2,"minecraft:brown_mushroom":74,"minecraft:packed_ice":9,"faded_conquest_2:summon_blocknight":3,"twilightforest:nagastone":1,"minecraft:chain":12,"minecraft:shield":2,"minecraft:brick":41,"travelersbackpack:pink_sleeping_bag":1,"minecraft:oak_trapdoor":1,"minecraft:moss_carpet":115,"overweight_farming:vegetable_peels":1,"minecraft:blackstone":3,"minecraft:blue_orchid":15,"bloodandmadness:blood_vial":46,"travelersbackpack:horse":6,"alexsmobs:elastic_tendon":2,"bloodandmadness:weapons/lit_torch":1,"iceandfire:ice_dragon_heart":7,"minecraft:cherry_stairs":8,"gamma_beasts:dark_oak_leaf":14,"iceandfire:deathworm_chitin_red":2,"minecraft:note_block":2,"minecraft:polished_blackstone_bricks":14,"minecraft:cookie":3,"minecraft:light_blue_bed":4,"bloodandmadness:beastblood_clump":8,"minecraft:purple_terracotta":1,"minecraft:weeping_vines":3,"minecraft:pumpkin_pie":2,"twilightforest:etched_nagastone":2,"minecraft:nether_bricks":4,"minecraft:pink_tulip":66,"minecraft:skeleton_skull":9,"iceandfire:spawn_egg_hippocampus":1,"born_in_chaos_v1:corpse_maggot":64,"luphieclutteredmod:plant_ladder":1,"farmersdelight:rich_soil":6,"the_pillager_legion_:legion_cut_deep_2":3,"minecraft:golden_carrot":8,"mcwbridges:rope_cherry_bridge":21,"minecraft:basalt":46,"minecraft:dark_oak_button":1,"minecraft:leather":70,"simplyswords:iron_claymore":2,"minecraft:crimson_fungus":2,"minecraft:chainmail_chestplate":1,"luminous_nether:ghost_lamp":4,"farlanders:looter_hood":1,"minecraft:cobblestone_wall":10,"minecraft:gunpowder":50,"alexscaves:ferrouslime_ball":1,"minecraft:red_carpet":10,"minecraft:gray_carpet":8,"minecraft:rabbit_hide":1,"minecraft:spruce_wood":30,"minecraft:iron_ingot":124,"minecraft:cooked_chicken":1,"travelersbackpack:coal":1,"born_in_chaos_v1:fel_lamp":1,"minecraft:prismarine_brick_slab":1,"luphieclutteredmod:small_pink_shelf":1,"minecraft:polished_andesite_slab":2,"iceandfire:fire_dragon_flesh":36,"projectvibrantjourneys:light_brown_bark_mushroom":33,"minecraft:stone_brick_slab":2,"iceandfire:ash":16,"minecraft:quartz":71,"minecraft:dandelion":44,"variantvanillablocks:spruce_smoker":1,"minecraft:amethyst_shard":2,"minecraft:spruce_door":16,"minecraft:brick_slab":1,"minecraft:cut_red_sandstone":1,"minecraft:polished_diorite_stairs":1,"minecraft:pumpkin_seeds":3,"soul_like_armors_reworked:dark_knight_chestplate":8,"minecraft:chainmail_leggings":1,"minecraft:cherry_sapling":115,"alexscaves:azure_neodymium_pillar":9,"minecraft:terracotta":5,"soul_like_armors_reworked:rustysteel_leggings":4,"variantvanillablocks:birch_chest":2,"minecraft:sunflower":24,"cfm:blue_sofa":4,"gamma_beasts:thin_oak_log":44,"minecraft:iron_chestplate":2,"minecraft:flower_pot":7,"minecraft:anvil":4,"minecraft:prismarine_shard":9,"minecraft:diamond_sword":1,"luminous_nether:golden_nylium":1,"minecraft:brown_bed":5,"minecraft:golden_sword":5,"minecraft:amethyst_block":66,"minecraft:soul_soil":8,"born_in_chaos_v1:mesh_door":2,"mcwbridges:cherry_rope_bridge_stair":3,"minecraft:beetroot":266,"minecraft:gold_nugget":631,"minecraft:cobbled_deepslate":523,"born_in_chaos_v1:charmof_power":1,"minecraft:spruce_planks":44,"variantvanillablocks:cherry_chest":6,"minecraft:written_book":4,"hangglider:hang_glider":5,"minecraft:melon_slice":64,"minecraft:coal_block":40,"minecraft:mangrove_log":211,"minecraft:dark_oak_door":3,"gamma_beasts:strawberry":66,"minecraft:beehive":2,"minecraft:composter":1,"minecraft:green_bed":2,"luphieclutteredmod:luphie_darkwood_decorative_shelves":1,"iceandfire:lightning_dragon_flesh":12,"minecraft:cherry_log":241,"minecraft:bamboo_block":4,"minecraft:light_gray_bed":3,"minecraft:tropical_fish":11,"iceandfire:deathworm_chitin_yellow":6,"minecraft:blue_dye":3,"iceandfire:fire_dragon_heart":6,"minecraft:iron_block":1,"minecraft:cyan_terracotta":17,"gamma_beasts:coal_nugget":450,"alexsmobs:lobster_tail":3,"minecraft:birch_log":56,"minecraft:magma_block":1,"minecraft:mossy_cobblestone_slab":1,"minecraft:iron_door":1,"minecraft:birch_slab":2,"minecraft:jungle_log":19,"minecraft:jungle_wood":3,"minecraft:smoker":1,"uniquedungeons:climbing_hook_item":3,"minecraft:stripped_spruce_wood":1,"minecraft:gray_concrete":2,"farmersdelight:mutton_chops":22,"minecraft:gray_terracotta":5,"soul_like_armors_reworked:rustysteel_boots":11,"farmersdelight:egg_sandwich":1,"minecraft:glowstone_dust":10,"minecraft:moss_block":353,"iceandfire:dragonscales_amythest":41,"twilightforest:canopy_log":131,"minecraft:loom":1,"minecraft:dark_oak_log":20,"iceandfire:myrmex_stinger":1,"minecraft:barrel":4,"luminous_nether:raw_mushroom_protein":10,"alexsmobs:kangaroo_hide":2,"minecraft:dispenser":1,"alexsmobs:guster_eye":2,"minecraft:green_concrete":71,"minecraft:writable_book":1,"weapons_deluxe:rawplatinum":2,"iceandfire:dragonbone_bow":2,"minecraft:bread":9,"alexsmobs:maggot":6,"minecraft:cherry_slab":35,"minecraft:dark_oak_fence":6,"minecraft:bricks":1,"minecraft:coarse_dirt":6,"handcrafted:cherry_table":1,"iceandfire:witherbone":26,"bloodandmadness:twin_blood_stone_shards":2,"alexsmobs:froststalker_horn":3,"gravestone:obituary":32,"iceandfire:sea_serpent_scales_blue":16,"iceandfire:frozen_splinters":49,"minecraft:red_bed":3,"minecraft:cracked_stone_bricks":3,"luminous_nether:goldmushroom":9,"handcrafted:cherry_shelf":3,"iceandfire:bestiary":1,"minecraft:beef":183,"born_in_chaos_v1:gnawed_bones":1,"minecraft:cyan_wool":2,"minecraft:chest":5,"minecraft:quartz_stairs":1,"iceandfire:dragonscales_electric":13,"minecraft:egg":574,"minecraft:sandstone":68,"luphieclutteredmod:luphie_wedding_arch":2,"minecraft:spruce_fence":46,"minecraft:cake":1,"minecraft:carrot":734,"minecraft:redstone":79,"minecraft:blue_carpet":2,"twilightforest:firefly":2,"minecraft:chicken_spawn_egg":1,"minecraft:polished_granite_stairs":3,"minecraft:cooked_cod":1,"minecraft:peony":36,"minecraft:beetroot_seeds":757,"twilightforest:cicada":2,"handcrafted:cherry_dining_bench":3,"luminous_nether:goldenstem":40,"minecraft:deepslate_bricks":1,"minecraft:gold_ingot":29,"minecraft:glow_berries":9,"alexsmobs:kangaroo_meat":3,"minecraft:white_wool":103,"minecraft:stripped_oak_log":1,"minecraft:smooth_red_sandstone_stairs":1,"born_in_chaos_v1:pumpkin_staff":1,"projectvibrantjourneys:icicle":18,"alexsmobs:acacia_blossom":4,"soul_like_armors_reworked:darkknighttrident":3,"minecraft:red_mushroom":11,"minecraft:brown_concrete":202,"minecraft:oak_log":89,"iceandfire:dragonscales_blue":23,"projectvibrantjourneys:sea_oats":5,"minecraft:white_banner":3,"iceandfire:pixie_house_mushroom_red":1,"farmersdelight:organic_compost":10,"minecraft:stone_bricks":54,"minecraft:kelp":64,"projectvibrantjourneys:small_cactus":1,"iceandfire:armor_white_helmet":1,"minecraft:glass_bottle":3,"minecraft:flowering_azalea":15,"elevatorid:elevator_white":6,"minecraft:dark_oak_slab":10,"gamma_beasts:thin_cherry_log":12,"epicfight:stone_greatsword":1,"born_in_chaos_v1:ethereal_spirit":24,"luminous_nether:ghost_block":2,"minecraft:spyglass":1,"minecraft:gravel":24,"minecraft:spruce_sapling":128,"minecraft:spruce_log":678,"the_pillager_legion_:legion_axe_tpl":1,"alexscaves:telecore":4,"travelersbackpack:wolf":5,"minecraft:purple_bed":1,"minecraft:stone_axe":3,"minecraft:scute":2,"minecraft:warped_roots":3,"minecraft:melon_seeds":1,"minecraft:stripped_dark_oak_log":7,"minecraft:mangrove_propagule":54,"minecraft:ender_pearl":21,"minecraft:wheat":504,"minecraft:redstone_block":4,"minecraft:turtle_egg":1,"minecraft:potion":2,"born_in_chaos_v1:black_argillite":1,"soul_like_armors_reworked:rustysteel_chestplate":13,"minecraft:raw_copper":33,"minecraft:smooth_stone_slab":2,"minecraft:iron_leggings":3,"born_in_chaos_v1:dark_upgrade":1,"minecraft:armor_stand":3,"minecraft:oak_sign":2,"minecraft:sea_pickle":7,"minecraft:deepslate_tiles":2,"luphieclutteredmod:luphie_pink_planks":24,"farmersdelight:cabbage":57,"minecraft:calcite":49,"farmersdelight:cabbage_seeds":179,"minecraft:iron_boots":1,"minecraft:furnace":5,"iceandfire:pixie_dust":4,"minecraft:stick":355,"farmersdelight:rotten_tomato":3,"minecraft:oak_fence":15,"born_in_chaos_v1:phantom_powder":1,"minecraft:torch":128,"iceandfire:dragonscales_white":88,"oresabovediamonds:amethyst_sword":3,"minecraft:porkchop":85,"minecraft:pointed_dripstone":1,"born_in_chaos_v1:nightmare_claw":1,"minecraft:quartz_block":52,"minecraft:cactus":139,"iceandfire:myrmex_desert_chitin":15,"farmersdelight:raw_pasta":15,"bloodandmadness:blood_stone_shard":11,"minecraft:cod":4,"minecraft:nautilus_shell":1,"gamma_beasts:almandine_cobblestone":137,"epicfight:stone_spear":4,"minecraft:magma_cream":3,"projectvibrantjourneys:fallen_leaves":52,"twilightforest:twilight_oak_wood":59,"cozy_home:cherry_bench":6,"minecraft:chiseled_quartz_block":26,"alexsmobs:bear_fur":2,"minecraft:tuff":21,"minecraft:light_gray_dye":3,"supplementaries:flax_seeds":1,"minecraft:horn_coral":2,"projectvibrantjourneys:rocks":2,"minecraft:lapis_lazuli":262,"minecraft:polished_granite":7,"born_in_chaos_v1:monster_skin":11,"minecraft:deepslate_brick_slab":1,"minecraft:raw_gold":35,"minecraft:bell":1,"alexsmobs:blobfish":1,"minecraft:oak_planks":8,"handcrafted:birch_drawer":3,"minecraft:ghast_tear":2,"minecraft:cooked_porkchop":3,"minecraft:poisonous_potato":6,"minecraft:sand":575,"minecraft:cyan_bed":3,"iceandfire:podium_dark_oak":1,"luphieclutteredmod:luphie_hanging_dish_towel":2,"minecraft:dark_prismarine":3,"twilightforest:mossy_etched_nagastone":2,"minecraft:light_gray_concrete":114,"minecraft:spruce_fence_gate":8,"minecraft:diamond":70,"minecraft:white_concrete":131,"alexsmobs:moose_ribs":3,"minecraft:oak_sapling":25,"minecraft:charcoal":10,"minecraft:allium":129,"minecraft:chicken":66,"minecraft:gold_block":10,"soul_like_armors_reworked:darkknightsword":11,"minecraft:iron_axe":5,"minecraft:wooden_sword":1,"mcdw:bow_love_spell_bow":1,"alexscaves:cooked_tripodfish":1,"minecraft:item_frame":19,"farlanders:ender_horn":6,"minecraft:quartz_slab":11,"takesapillage:ravager_horn":1,"minecraft:cyan_carpet":3,"mcwdoors:acacia_glass_door":2,"ecologics:walnut_sapling":4,"minecraft:candle":5,"ecologics:azalea_flower":1,"mcdw:item_bee_stinger":2,"minecraft:oak_boat":2,"minecraft:player_head":2,"minecraft:tinted_glass":4,"minecraft:sugar_cane":43,"minecraft:cherry_trapdoor":6,"minecraft:dark_oak_sapling":1,"minecraft:raw_iron":416,"iceandfire:dragonbone":335,"minecraft:stripped_mangrove_wood":2,"ecologics:coconut_slice":4,"minecraft:copper_ingot":10,"projectvibrantjourneys:bark_mushroom":39,"minecraft:bowl":45,"minecraft:stone_button":1,"soul_like_armors_reworked:rustysteel_helmet":6,"alexsmobs:crocodile_scute":2,"minecraft:dark_oak_planks":22,"minecraft:cherry_fence_gate":1,"minecraft:smooth_sandstone_slab":4,"soul_like_armors_reworked:estusflask":346,"minecraft:arrow":105,"variantvanillablocks:spruce_chest":8,"bloodandmadness:sanguisteel_nugget":11,"the_pillager_legion_:legion_armor_boots":5,"born_in_chaos_v1:fused_bone":9,"cozy_home:cherry_desk":1,"minecraft:glow_ink_sac":18,"minecraft:salmon":8,"minecraft:cut_sandstone":2,"minecraft:birch_planks":13,"ring_of_teleport:ring_of_teleport":8,"gamma_beasts:green_apple":42,"iceandfire:ectoplasm":1,"iceandfire:dragonegg_gray":1,"minecraft:nether_wart_block":12,"soul_like_armors_reworked:rustyshield":8,"minecraft:stripped_oak_wood":1,"the_pillager_legion_:legion_deep":8,"luminous_nether:withered_log":20,"minecraft:mossy_stone_brick_wall":1,"minecraft:acacia_sapling":12,"minecraft:soul_sand":20,"minecraft:book":38,"minecraft:oak_slab":2,"minecraft:scaffolding":3,"minecraft:birch_boat":9,"minecraft:pitcher_plant":1,"minecraft:pumpkin":35,"minecraft:dripstone_block":34,"born_in_chaos_v1:dark_rod":8,"minecraft:white_bed":3,"minecraft:mossy_stone_brick_slab":1,"minecraft:spider_eye":27,"alexsmobs:raw_catfish":6,"minecraft:dried_kelp_block":3,"minecraft:iron_helmet":3,"iceandfire:sea_serpent_scales_red":4,"minecraft:acacia_slab":2,"minecraft:coal":1460},"minecraft:killed_by":{"minecraft:zombie":15,"iceandfire:cyclops":1,"born_in_chaos_v1:bone_imp_minion":1,"minecraft:drowned":1,"iceandfire:fire_dragon":4,"minecraft:illusioner":2,"born_in_chaos_v1:decaying_zombie":2,"minecraft:skeleton":3,"born_in_chaos_v1:nightmare_stalker":2,"twilightforest:death_tome":1,"minecraft:vindicator":1,"farlanders:ender_golem":1,"alexsmobs:rhinoceros":1,"minecraft:vex":2,"minecraft:husk":10,"iceandfire:hydra":1,"alexsmobs:centipede_head":1,"iceandfire:ghost":2,"minecraft:wither_skeleton":1,"iceandfire:stymphalian_bird":1,"iceandfire:sea_serpent":12,"the_pillager_legion_:veteran_infantryman_tpl":1,"iceandfire:ice_dragon":7,"minecraft:player":1,"iceandfire:deathworm":1,"gamma_beasts:careyatros_a":1},"minecraft:killed":{"born_in_chaos_v1:mr_pumpkin":4,"born_in_chaos_v1:zombie_lumberjack":12,"born_in_chaos_v1:skeleton_demoman":2,"born_in_chaos_v1:sir_the_headless":1,"bloodandmadness:ashen_blood_beast_patient":4,"bloodandmadness:beast_patient":26,"alexsmobs:straddler":1,"alexsmobs:centipede_head":1,"minecraft:tropical_fish":3,"alexscaves:teletor":4,"iceandfire:myrmex_worker":2,"minecraft:salmon":8,"minecraft:pillager":27,"minecraft:zombie":323,"iceandfire:myrmex_queen":1,"iceandfire:lightning_dragon":2,"iceandfire:sea_serpent":6,"minecraft:evoker":5,"bloodandmadness:cloaked_beast_patient":9,"minecraft:vindicator":20,"born_in_chaos_v1:skeleton_thrasher_not_despawn":2,"luminous_nether:piglin_ghost":15,"born_in_chaos_v1:firelight":1,"knightquest:bad_patch":1,"twilightforest:death_tome":13,"minecraft:husk":28,"iceandfire:cyclops":2,"twilightforest:kobold":3,"minecraft:frog":1,"minecraft:ravager":1,"alexsmobs:rhinoceros":1,"alexsmobs:gelada_monkey":3,"born_in_chaos_v1:bloody_gadfly":6,"alexsmobs:crocodile":1,"alexsmobs:elephant":1,"iceandfire:ghost":7,"iceandfire:ice_dragon":3,"minecraft:zombified_piglin":16,"minecraft:witch":10,"minecraft:spider":69,"gamma_beasts:banndu_a":2,"minecraft:bee":1,"minecraft:piglin_brute":22,"alexsmobs:triops":4,"farlanders:farlander":2,"epicsamurai:enenra":4,"minecraft:piglin":21,"born_in_chaos_v1:bonescaller":3,"alexsmobs:grizzly_bear":4,"minecraft:zombie_villager":13,"born_in_chaos_v1:glutton_fish":1,"alexsmobs:stradpole":3,"gamma_beasts:careyatros_a":20,"minecraft:sheep":45,"born_in_chaos_v1:zombie_fisherman":1,"iceandfire:pixie":3,"born_in_chaos_v1:siamese_skeletonsleft":4,"alexsmobs:bone_serpent":1,"minecraft:vex":3,"minecraft:slime":3,"born_in_chaos_v1:zombie_bruiser":11,"twilightforest:naga":1,"luminous_nether:piglin_cultist_leader":2,"minecraft:drowned":76,"born_in_chaos_v1:corpse_fish":24,"iceandfire:deathworm":4,"born_in_chaos_v1:baby_skeleton":6,"born_in_chaos_v1:swarmer":2,"takesapillage:skirmisher":3,"farlanders:ender_golem":3,"the_pillager_legion_:veteran_infantryman_tpl":24,"gamma_beasts:diamond_golem_a":3,"born_in_chaos_v1:decaying_zombie":10,"iceandfire:myrmex_soldier":1,"alexsmobs:gazelle":1,"alexsmobs:moose":2,"luminous_nether:piglin_cultist":5,"minecraft:wither_skeleton":57,"minecraft:player":4,"minecraft:cave_spider":33,"alexsmobs:lobster":7,"born_in_chaos_v1:restless_spirit":15,"farlanders:fanmade_enderman":3,"alexsmobs:murmur":1,"iceandfire:stymphalian_bird":1,"born_in_chaos_v1:siamese_skeletonsright":5,"creeperoverhaul:dripstone_creeper":1,"born_in_chaos_v1:baby_skeleton_minion":12,"minecraft:skeleton":286,"minecraft:chicken":55,"born_in_chaos_v1:skeleton_thrasher":6,"alexsmobs:laviathan":2,"born_in_chaos_v1:supreme_bonescaller_stage_2":1,"minecraft:magma_cube":26,"farlanders:rebel":5,"born_in_chaos_v1:corpse_fly":16,"minecraft:glow_squid":2,"born_in_chaos_v1:door_knight":4,"takesapillage:archer":4,"minecraft:cow":60,"twilightforest:deer":2,"the_pillager_legion_:gladuisman_tpl":3,"alexscaves:ferrouslime":1,"faded_conquest_2:blocknight_paladin":7,"born_in_chaos_v1:pumpkinhead":1,"alexsmobs:tusklin":4,"farlanders:classic_enderman":7,"born_in_chaos_v1:barrel_zombie":6,"alexsmobs:guster":7,"born_in_chaos_v1:bone_imp_minion":14,"epicsamurai:akaname":1,"minecraft:wandering_trader":2,"born_in_chaos_v1:decrepit_skeleton":37,"luminous_nether:mushlin_bumper":6,"alexsmobs:catfish":5,"born_in_chaos_v1:dark_vortex":5,"the_pillager_legion_:infantryman_tpl":59,"minecraft:enderman":10,"born_in_chaos_v1:zombie_clown":8,"born_in_chaos_v1:sir_pumpkinhead_without_horse":1,"pots_and_mimics:pot_crab":1,"faded_conquest_2:terrible_ten":1,"endermanoverhaul:dark_oak_enderman":2,"pots_and_mimics:nether_pot_crab":5,"alexsmobs:froststalker":6,"born_in_chaos_v1:scarlet_persecutor":2,"luminous_nether:ghost":1,"minecraft:illusioner":1,"gamma_beasts:diamond_golem_c":2,"alexsmobs:kangaroo":1,"minecraft:pig":28,"born_in_chaos_v1:diamond_termite":16,"alexsmobs:mantis_shrimp":3,"minecraft:creeper":52,"gamma_beasts:banndu_c":3,"born_in_chaos_v1:dread_hound":9,"the_pillager_legion_:heavy_infantryman_tpl":2,"minecraft:stray":18,"alexsmobs:fly":3,"knightquest:gremlin":1,"alexsmobs:komodo_dragon":1,"minecraft:blaze":48,"luminous_nether:cultist_archer":4,"bloodandmadness:church_doctor":11,"born_in_chaos_v1:missioner":2,"alexsmobs:tarantula_hawk":1,"alexsmobs:tiger":2,"alexsmobs:rattlesnake":1,"born_in_chaos_v1:maggot":81,"iceandfire:fire_dragon":6,"takesapillage:clay_golem":1,"farlanders:mystic_enderminion":1,"bloodandmadness:huntsman_axe":26,"bloodandmadness:church_doctor_scythe":3,"alexsmobs:soul_vulture":1,"alexsmobs:bison":5,"born_in_chaos_v1:siamese_skeletons":3,"born_in_chaos_v1:fallen_chaos_knight":1,"farlanders:looter":11,"creeperoverhaul:spruce_creeper":1,"luminous_nether:piglin_executioner":1,"alexscaves:magnetron":1,"born_in_chaos_v1:phantom_creeper_copy":2,"gamma_beasts:careyatros_c":18,"born_in_chaos_v1:bonescaller_not_despawn":1,"born_in_chaos_v1:nightmare_stalker":2,"alexsmobs:crow":2,"faded_conquest_2:puny_juggernaut":1},"minecraft:crafted":{"mcwdoors:cherry_japanese2_door":3,"minecraft:black_dye":4,"minecraft:yellow_wool":7,"minecraft:oak_sign":3,"minecraft:blaze_powder":4,"minecraft:birch_boat":1,"variantvanillablocks:cherry_chest":12,"epicsamurai:red_samurai_chestplate":1,"luphieclutteredmod:luphie_pink_window":18,"minecraft:black_wool":3,"luphieclutteredmod:luphie_darkwood_quilted_bed":1,"minecraft:pink_stained_glass":32,"farmersdelight:egg_sandwich":40,"iceandfire:wither_shard":3,"farmersdelight:beef_patty":5,"minecraft:cartography_table":1,"iceandfire:armor_white_helmet":2,"minecraft:iron_pickaxe":13,"luphieclutteredmod:luphie_cluttered_desk":1,"mcwbridges:rope_cherry_bridge":20,"minecraft:magenta_wool":5,"minecraft:jukebox":1,"minecraft:diamond_hoe":2,"travelersbackpack:pig":1,"minecraft:light_gray_wool":6,"luphieclutteredmod:luphie_pink_slab":6,"iceandfire:dragon_flute":1,"minecraft:spruce_fence":78,"mcwdoors:acacia_glass_door":3,"travelersbackpack:blank_upgrade":4,"travelersbackpack:gold_tier_upgrade":1,"minecraft:spruce_stairs":260,"minecraft:cherry_stairs":108,"minecraft:spruce_boat":1,"iceandfire:dragonbone_sword":2,"travelersbackpack:horse":2,"minecraft:acacia_stairs":12,"variantvanillablocks:cherry_crafting_table":1,"iceandfire:armor_white_leggings":1,"cozy_home:oak_plank":8,"luphieclutteredmod:luphie_sewing_table":1,"minecraft:iron_shovel":9,"cozy_home:cherry_bench":4,"weapons_deluxe:rubi_armor_leggings":1,"luphieclutteredmod:luphie_safe":1,"minecraft:cherry_slab":54,"minecraft:cooked_chicken":47,"iceandfire:armor_amythest_leggings":1,"minecraft:cherry_boat":5,"travelersbackpack:pink_sleeping_bag":1,"variantvanillablocks:acacia_crafting_table":1,"luphieclutteredmod:luphie_plant_jar":2,"minecraft:mangrove_fence":3,"cozy_home:large_cherry_stump":4,"minecraft:chest":5,"luphieclutteredmod:luphie_pink_log":8,"iceandfire:armor_blue_boots":1,"minecraft:oak_fence":15,"minecraft:cherry_fence":33,"born_in_chaos_v1:pileof_dark_metal":2,"minecraft:arrow":80,"minecraft:cauldron":1,"luphieclutteredmod:luphie_gold_armchair":1,"mcdw:bow_shortbow":1,"luphieclutteredmod:luphie_wedding_arch":1,"luphieclutteredmod:luphie_sweetheart_kitchen_sink":1,"minecraft:tnt":5,"born_in_chaos_v1:staffofthe_summoner":1,"iceandfire:tide_blue_helmet":1,"travelersbackpack:wolf":2,"minecraft:yellow_dye":12,"minecraft:pink_wool":13,"minecraft:stick":772,"minecraft:iron_ingot":509,"minecraft:black_bed":1,"iceandfire:armor_bronze_helmet":1,"luphieclutteredmod:small_pink_shelf":1,"mcwdoors:print_swamp":4,"farmersdelight:cooked_rice":32,"minecraft:furnace":9,"farmersdelight:steak_and_potatoes":5,"born_in_chaos_v1:bone_handle":1,"minecraft:cobblestone_wall":6,"luphieclutteredmod:plant_ladder":1,"travelersbackpack:diamond_tier_upgrade":1,"cozy_home:cherry_desk":1,"elevatorid:elevator_white":2,"iceandfire:silver_ingot":1,"travelersbackpack:backpack_tank":5,"minecraft:mangrove_door":3,"minecraft:cooked_salmon":6,"iceandfire:armor_amythest_boots":1,"minecraft:mangrove_planks":20,"iceandfire:dragonbone_pickaxe":2,"minecraft:jungle_planks":32,"variantvanillablocks:birch_chest":12,"alexsmobs:maraca":1,"minecraft:white_dye":20,"luphieclutteredmod:luphie_retro_white_fridge":1,"minecraft:torch":1172,"iceandfire:armor_amythest_chestplate":1,"minecraft:pink_bed":2,"minecraft:birch_slab":6,"travelersbackpack:enderman":3,"minecraft:cooked_mutton":58,"cfm:spruce_table":4,"minecraft:glass":286,"minecraft:diamond_leggings":1,"weapons_deluxe:rubi_armor_helmet":1,"astikorcarts:plow":1,"minecraft:melon_seeds":31,"iceandfire:dragonbone_arrow":5,"astikorcarts:wheel":2,"minecraft:magenta_dye":12,"gamma_beasts:cooked_meat":7,"minecraft:flower_pot":1,"minecraft:glass_bottle":9,"cfm:spruce_mail_box":1,"luphieclutteredmod:luphie_sweetheart_kitchen_table":1,"minecraft:wooden_shovel":3,"soul_like_armors_reworked:blackkatana":1,"cfm:pink_sofa":2,"minecraft:cooked_porkchop":74,"handcrafted:cherry_shelf":2,"travelersbackpack:standard":1,"minecraft:spruce_door":3,"handcrafted:cherry_table":2,"mcdw:bow_love_spell_bow":1,"gamma_beasts:fried_egg":183,"minecraft:campfire":4,"farmersdelight:wheat_dough":15,"farmersdelight:fried_rice":14,"minecraft:cherry_sign":9,"iceandfire:armor_white_chestplate":2,"luphieclutteredmod:luphie_hanging_dish_towel":1,"minecraft:iron_block":48,"handcrafted:birch_table":2,"minecraft:gold_ingot":166,"farmersdelight:stuffed_potato":50,"minecraft:light_gray_dye":9,"minecraft:spruce_fence_gate":13,"minecraft:birch_stairs":4,"minecraft:rabbit_stew":1,"variantvanillablocks:spruce_smoker":2,"iceandfire:armor_amythest_helmet":1,"minecraft:bone_meal":268,"cfm:spruce_upgraded_fence":12,"minecraft:pink_dye":57,"minecraft:candle":1,"weapons_deluxe:rubi_armor_boots":1,"minecraft:cherry_trapdoor":14,"minecraft:diamond":2,"minecraft:dark_oak_fence":9,"minecraft:ladder":105,"minecraft:spruce_slab":18,"farmersdelight:rice":191,"minecraft:diamond_boots":1,"luphieclutteredmod:luphie_empty_small_jars":1,"twilightforest:canopy_planks":124,"variantvanillablocks:birch_crafting_table":1,"mcwbridges:cherry_rope_bridge_stair":6,"minecraft:dark_oak_planks":48,"mcwdoors:mangrove_japanese_door":3,"minecraft:wheat":486,"handcrafted:cherry_dining_bench":2,"gamma_beasts:stamina_capsule_accumulator":1,"farmersdelight:cooking_pot":3,"epicsamurai:cloth":8,"minecraft:white_stained_glass":56,"luphieclutteredmod:luphie_darkwood_decorative_shelves":1,"minecraft:golden_apple":2,"supplementaries:bubble_blower":1,"minecraft:oak_stairs":8,"minecraft:iron_leggings":4,"minecraft:white_bed":1,"minecraft:cherry_hanging_sign":6,"luphieclutteredmod:luphie_small_filled_jars_c":1,"minecraft:brick":37,"minecraft:oak_planks":150,"minecraft:dark_oak_boat":2,"iceandfire:armor_blue_helmet":1,"luphieclutteredmod:luphie_brown_desk":1,"luphieclutteredmod:luphie_pink_planks":40,"soul_like_armors_reworked:kata_sword":1,"twilightforest:cooked_venison":5,"minecraft:iron_boots":4,"farmersdelight:tomato_sauce":26,"handcrafted:birch_drawer":2,"travelersbackpack:iron_tier_upgrade":1,"minecraft:crafting_table":2,"minecraft:spruce_planks":616,"luphieclutteredmod:luphie_darkwood_cabinet":1,"minecraft:baked_potato":859,"iceandfire:armor_white_boots":1,"minecraft:birch_planks":156,"iceandfire:dragonbone_bow":5,"farmersdelight:fried_egg":79,"minecraft:iron_chestplate":1,"luphieclutteredmod:luphie_sweetheart_counter_a":1,"minecraft:diamond_pickaxe":1,"minecraft:emerald_block":27,"minecraft:shield":1,"xpbook:xp_tome":2,"minecraft:light_gray_carpet":9,"minecraft:cherry_planks":560,"iceandfire:tide_red_boots":1,"handcrafted:oak_pillar_trim":4,"mcwdoors:birch_swamp_door":2,"minecraft:glass_pane":160,"variantvanillablocks:spruce_chest":5,"variantvanillablocks:acacia_chest":7,"minecraft:iron_axe":9,"minecraft:spruce_wood":204,"minecraft:iron_hoe":3,"cfm:magenta_sofa":2,"mcda:spelunker_armor_helmet":1,"minecraft:cherry_fence_gate":1,"minecraft:cooked_beef":114,"minecraft:sugar":36,"minecraft:diamond_sword":1,"minecraft:spruce_sign":3,"farmersdelight:pasta_with_mutton_chop":1,"iceandfire:tide_trident":1,"minecraft:smooth_sandstone":1,"minecraft:bowl":112,"luphieclutteredmod:luphie_wood_endtable":2,"minecraft:bucket":23,"minecraft:air":0,"minecraft:bread":180,"minecraft:blue_dye":3,"cozy_home:cherry_plank":40,"minecraft:oak_boat":2,"minecraft:cherry_door":6,"minecraft:pumpkin_pie":11,"minecraft:acacia_planks":172,"minecraft:lapis_lazuli":18},"minecraft:broken":{"minecraft:diamond_helmet":1,"weapons_deluxe:rubi_armor_leggings":1,"minecraft:iron_leggings":3,"the_pillager_legion_:legion_armor_boots":1,"iceandfire:armor_bronze_helmet":1,"iceandfire:armor_silver_metal_chestplate":1,"minecraft:diamond_leggings":1,"minecraft:iron_pickaxe":6,"minecraft:iron_shovel":9,"minecraft:leather_leggings":1,"iceandfire:armor_white_helmet":2,"iceandfire:armor_amythest_boots":1,"weapons_deluxe:rubi_armor_boots":1,"minecraft:stone_axe":1,"soul_like_armors_reworked:rustysteel_boots":1,"weapons_deluxe:rubi_armor_helmet":1,"iceandfire:armor_white_boots":1,"minecraft:iron_boots":3,"mcda:spelunker_armor_helmet":1,"iceandfire:armor_amythest_chestplate":1,"soul_like_armors_reworked:dark_knight_helmet":1,"mcda:snow_armor_boots":1,"minecraft:iron_axe":5,"minecraft:iron_helmet":1,"minecraft:golden_hoe":1,"iceandfire:armor_amythest_helmet":1},"minecraft:dropped":{"minecraft:diamond":1,"minecraft:cooked_porkchop":12,"minecraft:dark_oak_slab":3,"soul_like_armors_reworked:rustysteelmace":2,"minecraft:glow_berries":1,"soul_like_armors_reworked:dark_knight_boots":6,"projectvibrantjourneys:orange_bark_mushroom":13,"undergarden:stripped_wigglewood_log":1,"minecraft:dark_oak_fence":1,"gamma_beasts:fried_egg":2,"minecraft:gold_nugget":15,"minecraft:sand":4,"farmersdelight:egg_sandwich":1,"minecraft:dark_oak_planks":3,"minecraft:white_wool":5,"minecraft:tropical_fish_bucket":1,"minecraft:stone_axe":1,"minecraft:cobbled_deepslate":159,"minecraft:obsidian":10,"soul_like_armors_reworked:rustysteel_helmet":2,"minecraft:grindstone":2,"minecraft:rotten_flesh":40,"minecraft:azure_bluet":1,"iceandfire:crackled_gravel":1,"minecraft:jungle_log":2,"minecraft:painting":1,"minecraft:glass":21,"minecraft:brown_concrete":2,"the_pillager_legion_:legion_armor_helmet":1,"minecraft:wheat_seeds":121,"minecraft:smooth_quartz_stairs":10,"minecraft:book":2,"soul_like_armors_reworked:rustysteel_boots":5,"travelersbackpack:wolf":5,"iceandfire:deathworm_chitin_red":2,"minecraft:pumpkin":1,"soul_like_armors_reworked:dark_knight_leggings":2,"minecraft:smooth_sandstone_slab":1,"iceandfire:dragonscales_white":52,"minecraft:chainmail_leggings":1,"minecraft:blue_carpet":1,"minecraft:lily_pad":21,"bloodandmadness:weapons/hunting_axe":1,"minecraft:stone_shovel":1,"minecraft:clay_ball":5,"minecraft:iron_boots":1,"soul_like_armors_reworked:darkknightshield":1,"soul_like_armors_reworked:darkknightsword":3,"bloodandmadness:sanguisteel_nugget":2,"minecraft:spruce_planks":3,"minecraft:diamond_pickaxe":2,"mcdw:double_axe_whirlwind":1,"soul_like_armors_reworked:rustysteel_chestplate":3,"mcdw:bow_love_spell_bow":1,"minecraft:stone_bricks":4,"minecraft:barrel":2,"minecraft:sandstone":6,"minecraft:bow":4,"minecraft:stripped_spruce_wood":1,"iceandfire:dragon_skull_lightning":2,"epicfight:skillbook":3,"minecraft:moss_block":128,"gamma_beasts:dark_oak_leaf":2,"minecraft:oak_log":34,"minecraft:ender_pearl":3,"soul_like_armors_reworked:estusflask":3,"iceandfire:ice_dragon_flesh":4,"travelersbackpack:horse":2,"minecraft:leather":37,"minecraft:red_wool":1,"twilightforest:stripped_canopy_log":1,"minecraft:cod":1,"minecraft:cracked_polished_blackstone_bricks":2,"minecraft:redstone_lamp":1,"minecraft:packed_ice":9,"minecraft:dark_oak_log":4,"born_in_chaos_v1:monster_skin":2,"projectvibrantjourneys:fallen_leaves":9,"gravestone:obituary":63,"projectvibrantjourneys:bark_mushroom":5,"minecraft:gold_ingot":8,"minecraft:spyglass":1,"oresabovediamonds:amethyst_sword":1,"minecraft:smooth_sandstone_stairs":1,"minecraft:pointed_dripstone":1,"minecraft:beetroot":2,"travelersbackpack:iron_golem":3,"minecraft:iron_bars":6,"soul_like_armors_reworked:blackkatana":2,"farmersdelight:ratatouille":7,"minecraft:polished_granite":2,"minecraft:bread":11,"minecraft:lilac":1,"minecraft:mangrove_propagule":1,"soul_like_armors_reworked:rustysteel_leggings":2,"minecraft:spruce_stairs":1,"minecraft:acacia_log":2,"farmersdelight:fried_rice":4,"the_pillager_legion_:legion_cut_deep_2":1,"minecraft:milk_bucket":1,"minecraft:white_concrete":3,"born_in_chaos_v1:fused_bone":2,"minecraft:polished_andesite_stairs":3,"minecraft:cactus":105,"iceandfire:dragonbone":21,"minecraft:sweet_berries":1,"iceandfire:lightning_dragon_heart":1,"gamma_beasts:green_apple":6,"minecraft:spruce_log":147,"twilightforest:twilight_oak_log":1,"minecraft:acacia_wood":1,"minecraft:cooked_beef":4,"minecraft:fletching_table":1,"minecraft:item_frame":1,"minecraft:red_carpet":7,"minecraft:dirt":151,"minecraft:grass":8,"minecraft:large_fern":1,"minecraft:chain":2,"minecraft:jungle_sapling":2,"minecraft:iron_pickaxe":6,"minecraft:cyan_carpet":1,"iceandfire:dragonbone_pickaxe":2,"minecraft:bone":75,"twilightforest:mining_wood":1,"minecraft:birch_sapling":1,"supplementaries:flax_seeds":1,"soul_like_armors_reworked:dark_knight_helmet":2,"the_pillager_legion_:legion_deep":2,"minecraft:spruce_slab":1,"soul_like_armors_reworked:dark_knight_chestplate":2,"minecraft:enchanted_book":5,"minecraft:iron_ingot":153,"minecraft:feather":2,"minecraft:iron_helmet":1,"minecraft:cobblestone":470,"minecraft:apple":2,"epicfight:stone_spear":1,"minecraft:spruce_door":5,"minecraft:coal":2,"minecraft:polished_andesite":2,"minecraft:oxeye_daisy":1,"variantvanillablocks:cherry_chest":2,"twilightforest:canopy_planks":47,"weapons_deluxe:rubigem":9,"minecraft:iron_shovel":2,"minecraft:string":84,"iceandfire:dragon_skull_fire":1,"minecraft:spruce_sapling":2,"minecraft:furnace":1,"minecraft:moss_carpet":44,"minecraft:stone_sword":1,"minecraft:cobblestone_wall":5,"minecraft:dark_oak_sign":4,"minecraft:deepslate":10,"minecraft:diamond_hoe":1,"iceandfire:dragon_skull_ice":1,"minecraft:spruce_fence":3,"minecraft:polished_granite_stairs":3,"supplementaries:quiver":1,"minecraft:spider_eye":1,"minecraft:light_gray_dye":2,"minecraft:birch_boat":1,"minecraft:blue_orchid":1,"minecraft:red_tulip":1,"simplyswords:iron_claymore":2,"minecraft:quartz_slab":9,"minecraft:brown_mushroom":3,"minecraft:baked_potato":73,"minecraft:lantern":6,"ecologics:flowering_azalea_wood":1,"minecraft:polished_blackstone_brick_stairs":1,"minecraft:cherry_trapdoor":1,"minecraft:cornflower":1,"minecraft:cut_sandstone":2,"iceandfire:podium_dark_oak":1,"minecraft:polished_blackstone_bricks":7,"minecraft:birch_log":11,"ring_of_teleport:ring_of_teleport":5,"minecraft:armor_stand":2,"minecraft:crimson_fungus":1,"hangglider:hang_glider":3,"minecraft:mangrove_roots":4,"born_in_chaos_v1:ethereal_spirit":4,"ecologics:coconut_log":1,"minecraft:carrot":11,"minecraft:poppy":2,"soul_like_armors_reworked:rustyshield":2,"projectvibrantjourneys:light_brown_bark_mushroom":22,"supplementaries:ash":2,"minecraft:gunpowder":2,"minecraft:skeleton_skull":1,"born_in_chaos_v1:corpse_maggot":17,"minecraft:azalea":8,"minecraft:basalt":42,"minecraft:arrow":1,"minecraft:water_bucket":2,"minecraft:purple_terracotta":1,"minecraft:oak_slab":2,"gamma_beasts:oak_leaf":53,"gamma_beasts:coal_nugget":8,"minecraft:stick":16,"minecraft:torch":70,"travelersbackpack:enderman":1,"minecraft:iron_leggings":1,"iceandfire:ice_dragon_heart":1,"minecraft:flowering_azalea":2,"minecraft:iron_axe":2,"minecraft:dandelion":2,"alexsmobs:maggot":3,"minecraft:coarse_dirt":1,"minecraft:raw_copper":27,"minecraft:tuff":21,"minecraft:iron_hoe":1,"luphieclutteredmod:luphie_wood_endtable":1,"minecraft:shield":1,"soul_like_armors_reworked:darkknighttrident":1,"minecraft:mossy_stone_bricks":8,"iceandfire:dragonbone_bow":2,"minecraft:golden_sword":3,"minecraft:calcite":6}},"DataVersion":3465}