{"stats":{"minecraft:custom":{"minecraft:mob_kills":3,"minecraft:interact_with_crafting_table":4,"minecraft:open_barrel":47,"minecraft:interact_with_loom":1,"minecraft:interact_with_grindstone":1,"minecraft:leave_game":3,"minecraft:time_since_death":98434,"minecraft:sleep_in_bed":5,"minecraft:climb_one_cm":506,"minecraft:sprint_one_cm":1279159,"minecraft:time_since_rest":31399,"minecraft:damage_absorbed":5,"minecraft:damage_taken":1386,"minecraft:walk_one_cm":759150,"minecraft:drop":8,"minecraft:damage_dealt":974,"minecraft:swim_one_cm":30342,"minecraft:talked_to_villager":1,"minecraft:fly_one_cm":92981,"minecraft:open_chest":74,"minecraft:crouch_one_cm":55,"minecraft:play_time":98434,"minecraft:sneak_time":750,"minecraft:walk_under_water_one_cm":37666,"minecraft:jump":416,"minecraft:interact_with_blast_furnace":3,"minecraft:walk_on_water_one_cm":33462,"minecraft:total_world_time":98434,"minecraft:fall_one_cm":8085},"minecraft:picked_up":{"minecraft:wheat":3,"minecraft:azure_bluet":1,"projectvibrantjourneys:icicle":4,"projectvibrantjourneys:fallen_leaves":12,"minecraft:brown_bed":1,"minecraft:chainmail_chestplate":1,"minecraft:string":2,"minecraft:dirt":607,"minecraft:armor_stand":1,"minecraft:iron_shovel":1,"minecraft:stone_bricks":4,"minecraft:wheat_seeds":65,"minecraft:red_sand":10,"minecraft:spruce_planks":2,"minecraft:cyan_wool":2,"minecraft:player_head":1,"minecraft:spruce_slab":1,"minecraft:stick":4,"minecraft:dark_oak_slab":1,"minecraft:sand":13,"minecraft:light_blue_bed":3,"soul_like_armors_reworked:estusflask":2,"minecraft:diamond":4,"minecraft:chainmail_leggings":1},"minecraft:broken":{"minecraft:iron_shovel":3},"minecraft:used":{"minecraft:beetroot":11,"minecraft:iron_shovel":854,"travelersbackpack:iron_golem":2,"minecraft:iron_sword":6,"minecraft:golden_apple":2,"minecraft:dirt":56,"soul_like_armors_reworked:dagger":65,"minecraft:bread":45,"minecraft:iron_pickaxe":34,"minecraft:light_blue_bed":3,"minecraft:golden_carrot":2},"minecraft:crafted":{"minecraft:stick":4,"minecraft:iron_shovel":5},"minecraft:mined":{"minecraft:spruce_planks":7,"minecraft:glass_pane":3,"minecraft:deepslate_diamond_ore":4,"projectvibrantjourneys:rocks":2,"minecraft:red_sand":10,"projectvibrantjourneys:twigs":5,"minecraft:grass_block":498,"minecraft:tall_grass":100,"minecraft:oak_planks":1,"projectvibrantjourneys:fallen_leaves":6,"minecraft:spawner":3,"minecraft:black_stained_glass_pane":2,"minecraft:gray_wool":2,"minecraft:cyan_wool":4,"minecraft:black_stained_glass":3,"minecraft:dark_oak_slab":1,"minecraft:light_blue_bed":3,"minecraft:birch_log":1,"minecraft:azure_bluet":1,"minecraft:brown_bed":1,"minecraft:grass":268,"projectvibrantjourneys:short_grass":66,"minecraft:sand":14,"minecraft:dirt":246,"minecraft:cobweb":1,"minecraft:stone_bricks":4,"minecraft:player_head":1,"minecraft:oak_leaves":3},"minecraft:dropped":{"minecraft:dark_oak_slab":1,"minecraft:dirt":27,"projectvibrantjourneys:fallen_leaves":1,"minecraft:spruce_slab":1,"minecraft:chainmail_leggings":1,"minecraft:iron_shovel":2,"minecraft:armor_stand":1},"minecraft:killed":{"minecraft:skeleton":2,"born_in_chaos_v1:bloody_gadfly":1}},"DataVersion":3465}