{"stats":{"minecraft:custom":{"minecraft:time_since_rest":19399,"minecraft:sprint_one_cm":1069946,"minecraft:damage_taken":1218,"minecraft:walk_one_cm":699771,"minecraft:mob_kills":3,"minecraft:drop":8,"minecraft:damage_dealt":876,"minecraft:interact_with_crafting_table":4,"minecraft:swim_one_cm":29466,"minecraft:talked_to_villager":1,"minecraft:fly_one_cm":72641,"minecraft:open_barrel":39,"minecraft:open_chest":72,"minecraft:crouch_one_cm":55,"minecraft:play_time":86434,"minecraft:interact_with_loom":1,"minecraft:sneak_time":750,"minecraft:walk_under_water_one_cm":10795,"minecraft:jump":352,"minecraft:interact_with_grindstone":1,"minecraft:climb_one_cm":506,"minecraft:interact_with_blast_furnace":3,"minecraft:leave_game":3,"minecraft:time_since_death":86434,"minecraft:walk_on_water_one_cm":26991,"minecraft:sleep_in_bed":5,"minecraft:total_world_time":86434,"minecraft:fall_one_cm":7061},"minecraft:picked_up":{"minecraft:stick":4,"minecraft:dark_oak_slab":1,"minecraft:wheat":3,"minecraft:azure_bluet":1,"projectvibrantjourneys:fallen_leaves":12,"minecraft:brown_bed":1,"minecraft:chainmail_chestplate":1,"minecraft:light_blue_bed":3,"minecraft:dirt":607,"minecraft:string":2,"soul_like_armors_reworked:estusflask":2,"minecraft:armor_stand":1,"minecraft:iron_shovel":1,"minecraft:stone_bricks":4,"minecraft:diamond":4,"minecraft:wheat_seeds":65,"minecraft:chainmail_leggings":1,"minecraft:spruce_planks":2,"minecraft:player_head":1,"minecraft:cyan_wool":2,"minecraft:spruce_slab":1},"minecraft:broken":{"minecraft:iron_shovel":2},"minecraft:used":{"soul_like_armors_reworked:dagger":62,"minecraft:iron_shovel":836,"minecraft:bread":45,"minecraft:iron_pickaxe":34,"travelersbackpack:iron_golem":2,"minecraft:light_blue_bed":3,"minecraft:iron_sword":6,"minecraft:dirt":56},"minecraft:crafted":{"minecraft:stick":4,"minecraft:iron_shovel":5},"minecraft:mined":{"minecraft:black_stained_glass":3,"minecraft:cyan_wool":4,"minecraft:gray_wool":2,"minecraft:black_stained_glass_pane":2,"minecraft:spruce_planks":7,"minecraft:light_blue_bed":3,"minecraft:dark_oak_slab":1,"minecraft:glass_pane":1,"minecraft:deepslate_diamond_ore":4,"minecraft:birch_log":1,"projectvibrantjourneys:rocks":2,"minecraft:azure_bluet":1,"minecraft:brown_bed":1,"minecraft:grass":268,"projectvibrantjourneys:twigs":5,"minecraft:grass_block":498,"projectvibrantjourneys:short_grass":66,"minecraft:dirt":246,"minecraft:cobweb":1,"minecraft:tall_grass":100,"minecraft:stone_bricks":4,"projectvibrantjourneys:fallen_leaves":6,"minecraft:oak_planks":1,"minecraft:player_head":1,"minecraft:oak_leaves":1,"minecraft:spawner":3},"minecraft:dropped":{"minecraft:dirt":27,"projectvibrantjourneys:fallen_leaves":1,"minecraft:dark_oak_slab":1,"minecraft:spruce_slab":1,"minecraft:iron_shovel":2,"minecraft:chainmail_leggings":1,"minecraft:armor_stand":1},"minecraft:killed":{"minecraft:skeleton":2,"born_in_chaos_v1:bloody_gadfly":1}},"DataVersion":3465}