{"stats":{"minecraft:custom":{"minecraft:interact_with_furnace":13,"minecraft:mob_kills":9,"minecraft:interact_with_crafting_table":29,"minecraft:open_barrel":47,"minecraft:interact_with_loom":1,"minecraft:interact_with_grindstone":1,"minecraft:leave_game":7,"minecraft:time_since_death":35051,"minecraft:sleep_in_bed":14,"minecraft:climb_one_cm":506,"minecraft:damage_absorbed":5,"minecraft:time_since_rest":10713,"minecraft:sprint_one_cm":2114387,"minecraft:damage_taken":2272,"minecraft:walk_one_cm":1671030,"minecraft:drop":23,"minecraft:damage_dealt":1602,"minecraft:swim_one_cm":52144,"minecraft:talked_to_villager":2,"minecraft:fly_one_cm":123892,"minecraft:crouch_one_cm":177,"minecraft:open_chest":107,"minecraft:play_time":213523,"minecraft:deaths":1,"minecraft:sneak_time":1031,"minecraft:walk_under_water_one_cm":41446,"minecraft:jump":913,"minecraft:interact_with_blast_furnace":3,"minecraft:walk_on_water_one_cm":39887,"minecraft:total_world_time":213523,"minecraft:fall_one_cm":28001},"minecraft:picked_up":{"gamma_beasts:thin_oak_log":43,"minecraft:wheat":3,"minecraft:azure_bluet":1,"minecraft:leather":5,"projectvibrantjourneys:icicle":4,"projectvibrantjourneys:fallen_leaves":18,"minecraft:brown_bed":1,"gamma_beasts:oak_leaf":51,"gamma_beasts:green_apple":42,"minecraft:chainmail_chestplate":1,"minecraft:dirt":806,"minecraft:string":2,"minecraft:armor_stand":1,"minecraft:iron_shovel":1,"minecraft:glass":8,"minecraft:stone_bricks":4,"minecraft:bow":1,"minecraft:wheat_seeds":127,"minecraft:red_sand":30,"minecraft:beef":6,"minecraft:spruce_planks":25,"minecraft:spruce_wood":24,"minecraft:player_head":1,"minecraft:cyan_wool":2,"minecraft:spruce_slab":3,"minecraft:birch_sapling":1,"projectvibrantjourneys:light_brown_bark_mushroom":15,"minecraft:stick":27,"minecraft:dark_oak_slab":1,"minecraft:spruce_stairs":21,"minecraft:spruce_fence":3,"minecraft:sand":99,"soul_like_armors_reworked:dark_knight_leggings":1,"minecraft:spruce_sapling":24,"minecraft:spruce_log":235,"minecraft:light_blue_bed":3,"minecraft:spruce_door":2,"soul_like_armors_reworked:estusflask":2,"minecraft:diamond":4,"minecraft:chainmail_leggings":1,"projectvibrantjourneys:cattail":1},"minecraft:broken":{"minecraft:iron_shovel":4,"minecraft:iron_axe":1},"minecraft:killed_by":{"minecraft:player":1},"minecraft:used":{"minecraft:beetroot":11,"minecraft:spruce_door":2,"minecraft:red_sand":20,"minecraft:iron_shovel":1161,"minecraft:spruce_slab":2,"minecraft:spruce_planks":78,"travelersbackpack:iron_golem":3,"gamma_beasts:green_apple":36,"minecraft:iron_sword":9,"gamma_beasts:thin_oak_log":5,"minecraft:golden_apple":2,"minecraft:dirt":163,"minecraft:spruce_stairs":97,"minecraft:spruce_fence":7,"minecraft:spruce_log":27,"minecraft:glass":88,"soul_like_armors_reworked:dagger":128,"minecraft:apple":16,"minecraft:spruce_wood":100,"minecraft:bread":45,"minecraft:iron_axe":368,"minecraft:iron_pickaxe":48,"minecraft:light_blue_bed":3,"minecraft:golden_carrot":2,"minecraft:glass_pane":98},"minecraft:crafted":{"minecraft:spruce_planks":268,"minecraft:spruce_door":3,"minecraft:spruce_fence":6,"minecraft:air":0,"minecraft:glass_pane":112,"minecraft:glass":62,"minecraft:spruce_stairs":256,"minecraft:spruce_wood":156,"minecraft:iron_axe":3,"minecraft:spruce_slab":6,"minecraft:stick":4,"minecraft:iron_shovel":6},"minecraft:mined":{"projectvibrantjourneys:cattail":1,"minecraft:spruce_planks":31,"minecraft:glass_pane":12,"minecraft:deepslate_diamond_ore":4,"minecraft:spruce_door":2,"projectvibrantjourneys:rocks":2,"gravestone:gravestone":1,"projectvibrantjourneys:twigs":5,"minecraft:red_sand":30,"minecraft:spruce_fence":3,"minecraft:grass_block":631,"projectvibrantjourneys:mossy_rocks":2,"minecraft:glass":12,"minecraft:tall_grass":171,"minecraft:spruce_leaves":13,"projectvibrantjourneys:fallen_leaves":10,"minecraft:oak_planks":1,"minecraft:spawner":3,"minecraft:gray_wool":2,"minecraft:spruce_stairs":21,"minecraft:black_stained_glass_pane":2,"minecraft:cyan_wool":4,"minecraft:black_stained_glass":3,"minecraft:dark_oak_slab":1,"minecraft:light_blue_bed":3,"minecraft:birch_log":1,"minecraft:spruce_log":189,"minecraft:azure_bluet":1,"minecraft:brown_bed":1,"gamma_beasts:thin_oak_log":50,"minecraft:grass":500,"projectvibrantjourneys:short_grass":131,"minecraft:dirt_path":2,"minecraft:sand":14,"minecraft:dirt":314,"minecraft:cobweb":1,"minecraft:spruce_wood":24,"minecraft:stone_bricks":4,"minecraft:player_head":1,"minecraft:oak_leaves":3,"minecraft:spruce_slab":1},"minecraft:dropped":{"minecraft:iron_ingot":2,"minecraft:wheat_seeds":64,"gamma_beasts:oak_leaf":51,"minecraft:dark_oak_slab":1,"minecraft:azure_bluet":1,"gamma_beasts:green_apple":6,"minecraft:dirt":27,"projectvibrantjourneys:light_brown_bark_mushroom":15,"projectvibrantjourneys:fallen_leaves":1,"gravestone:obituary":1,"minecraft:spruce_slab":1,"minecraft:iron_shovel":2,"minecraft:chainmail_leggings":1,"minecraft:gold_ingot":8,"minecraft:armor_stand":1},"minecraft:killed":{"minecraft:skeleton":2,"born_in_chaos_v1:bloody_gadfly":1,"minecraft:zombie":2,"farlanders:mystic_enderminion":1,"minecraft:cow":3}},"DataVersion":3465}