{"stats":{"minecraft:custom":{"minecraft:time_since_rest":12094,"minecraft:sprint_one_cm":665376,"minecraft:damage_taken":639,"minecraft:walk_one_cm":392287,"minecraft:mob_kills":1,"minecraft:drop":4,"minecraft:damage_dealt":244,"minecraft:interact_with_crafting_table":3,"minecraft:swim_one_cm":29466,"minecraft:talked_to_villager":1,"minecraft:fly_one_cm":40641,"minecraft:open_barrel":36,"minecraft:open_chest":60,"minecraft:crouch_one_cm":38,"minecraft:play_time":52385,"minecraft:interact_with_loom":1,"minecraft:sneak_time":738,"minecraft:walk_under_water_one_cm":9860,"minecraft:jump":239,"minecraft:interact_with_grindstone":1,"minecraft:interact_with_blast_furnace":3,"minecraft:leave_game":3,"minecraft:time_since_death":52385,"minecraft:walk_on_water_one_cm":25577,"minecraft:sleep_in_bed":3,"minecraft:total_world_time":52385,"minecraft:fall_one_cm":4975},"minecraft:picked_up":{"minecraft:dark_oak_slab":1,"minecraft:wheat":3,"projectvibrantjourneys:fallen_leaves":1,"minecraft:brown_bed":1,"minecraft:chainmail_chestplate":1,"minecraft:light_blue_bed":2,"minecraft:string":2,"minecraft:armor_stand":1,"minecraft:diamond":4,"minecraft:chainmail_leggings":1,"minecraft:player_head":1,"minecraft:cyan_wool":2},"minecraft:used":{"minecraft:bread":25,"minecraft:iron_pickaxe":25,"travelersbackpack:iron_golem":2,"minecraft:light_blue_bed":1,"minecraft:iron_sword":5},"minecraft:mined":{"minecraft:black_stained_glass":3,"minecraft:black_stained_glass_pane":2,"minecraft:gray_wool":2,"minecraft:cyan_wool":4,"minecraft:spruce_planks":5,"minecraft:light_blue_bed":2,"minecraft:dark_oak_slab":1,"minecraft:glass_pane":1,"minecraft:deepslate_diamond_ore":4,"minecraft:birch_log":1,"minecraft:brown_bed":1,"minecraft:dirt":1,"minecraft:tall_grass":2,"projectvibrantjourneys:fallen_leaves":1,"minecraft:oak_planks":1,"minecraft:player_head":1,"minecraft:oak_leaves":1,"minecraft:spawner":1},"minecraft:dropped":{"projectvibrantjourneys:fallen_leaves":1,"minecraft:dark_oak_slab":1,"minecraft:chainmail_leggings":1,"minecraft:armor_stand":1},"minecraft:killed":{"born_in_chaos_v1:bloody_gadfly":1}},"DataVersion":3465}