{"stats":{"minecraft:crafted":{"minecraft:oak_planks":12,"minecraft:crafting_table":1,"minecraft:wooden_pickaxe":1,"minecraft:baked_potato":5,"minecraft:air":0,"minecraft:stick":8,"minecraft:stone_pickaxe":1,"minecraft:torch":20},"minecraft:mined":{"minecraft:oak_slab":1,"minecraft:amethyst_cluster":1,"minecraft:crafting_table":1,"gravestone:gravestone":3,"minecraft:grass_block":5,"minecraft:sponge":1,"minecraft:tall_grass":2,"minecraft:copper_ore":1,"minecraft:oak_planks":1,"minecraft:oak_wall_sign":1,"minecraft:polished_blackstone_pressure_plate":4,"minecraft:iron_door":5,"minecraft:hay_block":1,"minecraft:tall_seagrass":1,"minecraft:iron_ore":1,"minecraft:stripped_oak_wood":1,"minecraft:orange_tulip":1,"minecraft:brown_bed":1,"minecraft:grass":4,"minecraft:oak_log":3,"minecraft:coal_ore":26,"projectvibrantjourneys:short_grass":6,"minecraft:beetroots":79,"minecraft:dirt":2,"minecraft:stone":26,"minecraft:oak_leaves":9,"minecraft:green_bed":6},"minecraft:used":{"epicfight:skillbook":1,"minecraft:stone_pickaxe":64,"minecraft:wooden_pickaxe":8,"soul_like_armors_reworked:estusflask":3,"minecraft:green_bed":7,"minecraft:torch":14,"minecraft:spyglass":2,"minecraft:dirt":4,"minecraft:crafting_table":2,"soul_like_armors_reworked:dagger":110,"minecraft:apple":23,"minecraft:lantern":1,"minecraft:bread":10,"minecraft:cobblestone":4,"alexsmobs:animal_dictionary":2,"minecraft:potato":5,"minecraft:brown_bed":1},"minecraft:custom":{"minecraft:interact_with_furnace":2,"minecraft:mob_kills":6,"minecraft:interact_with_crafting_table":4,"minecraft:interact_with_cartography_table":1,"minecraft:open_barrel":22,"minecraft:leave_game":2,"minecraft:time_since_death":5399,"minecraft:sleep_in_bed":2,"minecraft:climb_one_cm":11108,"minecraft:time_since_rest":5430,"minecraft:sprint_one_cm":622859,"minecraft:damage_taken":2331,"minecraft:walk_one_cm":520075,"minecraft:drop":12,"minecraft:damage_dealt":1356,"minecraft:damage_dealt_absorbed":1,"minecraft:swim_one_cm":24748,"minecraft:talked_to_villager":1,"minecraft:fly_one_cm":102601,"minecraft:open_chest":28,"minecraft:crouch_one_cm":111,"minecraft:play_time":74154,"minecraft:deaths":5,"minecraft:sneak_time":667,"minecraft:walk_under_water_one_cm":17425,"minecraft:jump":624,"minecraft:walk_on_water_one_cm":42992,"minecraft:total_world_time":74154,"minecraft:fall_one_cm":8570},"minecraft:dropped":{"minecraft:bread":10,"minecraft:raw_copper":5,"gravestone:obituary":1},"minecraft:killed":{"farlanders:rebel":1,"born_in_chaos_v1:bone_imp_minion":2,"soulslikeuniverse:thief":1,"minecraft:zombie":1,"born_in_chaos_v1:dread_hound":1},"minecraft:picked_up":{"born_in_chaos_v1:corpse_maggot":1,"minecraft:crafting_table":1,"born_in_chaos_v1:monster_flesh":1,"minecraft:iron_door":5,"soulslikeuniverse:presentchest":1,"minecraft:wooden_pickaxe":1,"minecraft:potato":2,"minecraft:brown_bed":1,"minecraft:oak_log":3,"minecraft:gunpowder":2,"minecraft:dirt":4,"minecraft:lantern":1,"minecraft:raw_copper":5,"minecraft:wooden_sword":1,"born_in_chaos_v1:monster_skin":1,"minecraft:bone":2,"minecraft:beetroot":64,"minecraft:oak_sign":1,"minecraft:apple":17,"minecraft:wheat_seeds":1,"minecraft:stripped_oak_wood":1,"soul_like_armors_reworked:dagger":1,"minecraft:poppy":1,"alexsmobs:raccoon_tail":1,"minecraft:oak_planks":1,"minecraft:oak_slab":1,"minecraft:stick":2,"minecraft:raw_iron":1,"minecraft:sweet_berries":1,"minecraft:green_bed":7,"minecraft:gravel":2,"minecraft:amethyst_shard":2,"alexsmobs:animal_dictionary":1,"soul_like_armors_reworked:estusflask":12,"minecraft:arrow":1,"minecraft:polished_blackstone_pressure_plate":3,"minecraft:hay_block":1,"swem:alfalfa_seeds":1,"soulslikeuniverse:dagger":1,"gamma_beasts:coal_nugget":9,"minecraft:bread":15,"soulslikeuniverse:repairstone":1,"minecraft:oak_sapling":3,"projectvibrantjourneys:twigs":1,"minecraft:coal":27,"minecraft:cobblestone":24},"minecraft:killed_by":{"bloodandmadness:beast_patient":1,"minecraft:skeleton":1,"minecraft:pillager":2,"farlanders:classic_enderman":1}},"DataVersion":3465}