{"stats":{"minecraft:killed_by":{"minecraft:pillager":2},"minecraft:dropped":{"gravestone:obituary":1},"minecraft:picked_up":{"minecraft:crafting_table":1,"soulslikeuniverse:presentchest":1,"minecraft:oak_log":3,"minecraft:lantern":1,"minecraft:dirt":4,"minecraft:gunpowder":2,"alexsmobs:animal_dictionary":1,"minecraft:bone":2,"minecraft:raw_copper":5,"minecraft:wooden_sword":1,"soul_like_armors_reworked:estusflask":12,"minecraft:arrow":1,"minecraft:wheat_seeds":1,"swem:alfalfa_seeds":1,"minecraft:stripped_oak_wood":1,"gamma_beasts:coal_nugget":9,"soulslikeuniverse:dagger":1,"soul_like_armors_reworked:dagger":1,"minecraft:oak_sapling":1,"minecraft:oak_planks":1,"minecraft:coal":27,"minecraft:cobblestone":20},"minecraft:killed":{"farlanders:rebel":1,"born_in_chaos_v1:bone_imp_minion":2},"minecraft:crafted":{"minecraft:oak_planks":12,"minecraft:crafting_table":1,"minecraft:stick":8,"minecraft:baked_potato":5,"minecraft:wooden_pickaxe":1,"minecraft:stone_pickaxe":1,"minecraft:torch":16,"minecraft:air":0},"minecraft:used":{"epicfight:skillbook":1,"soul_like_armors_reworked:dagger":41,"minecraft:apple":5,"minecraft:lantern":1,"minecraft:stone_pickaxe":54,"minecraft:wooden_pickaxe":8,"soul_like_armors_reworked:estusflask":2,"minecraft:torch":8,"minecraft:dirt":4,"minecraft:crafting_table":1,"alexsmobs:animal_dictionary":2,"minecraft:potato":5},"minecraft:mined":{"minecraft:stripped_oak_wood":1,"minecraft:grass_block":5,"minecraft:crafting_table":1,"minecraft:grass":1,"minecraft:coal_ore":26,"minecraft:oak_log":3,"projectvibrantjourneys:short_grass":5,"minecraft:dirt":2,"minecraft:copper_ore":1,"minecraft:tall_grass":2,"minecraft:stone":26,"minecraft:oak_planks":1},"minecraft:custom":{"minecraft:time_since_rest":25375,"minecraft:interact_with_furnace":2,"minecraft:sprint_one_cm":207544,"minecraft:damage_taken":755,"minecraft:walk_one_cm":193560,"minecraft:mob_kills":3,"minecraft:drop":1,"minecraft:damage_dealt":436,"minecraft:interact_with_crafting_table":3,"minecraft:damage_dealt_absorbed":1,"minecraft:swim_one_cm":21697,"minecraft:fly_one_cm":44607,"minecraft:open_barrel":4,"minecraft:open_chest":14,"minecraft:crouch_one_cm":83,"minecraft:play_time":29176,"minecraft:deaths":2,"minecraft:sneak_time":335,"minecraft:walk_under_water_one_cm":5322,"minecraft:jump":210,"minecraft:walk_on_water_one_cm":16147,"minecraft:time_since_death":25339,"minecraft:total_world_time":29176,"minecraft:fall_one_cm":1889}},"DataVersion":3465}