{"stats":{"minecraft:custom":{"minecraft:interact_with_furnace":5,"minecraft:mob_kills":5,"minecraft:interact_with_crafting_table":20,"minecraft:open_barrel":47,"minecraft:interact_with_loom":1,"minecraft:interact_with_grindstone":1,"minecraft:leave_game":6,"minecraft:time_since_death":361,"minecraft:sleep_in_bed":12,"minecraft:climb_one_cm":506,"minecraft:damage_absorbed":5,"minecraft:time_since_rest":384,"minecraft:sprint_one_cm":1811591,"minecraft:damage_taken":1971,"minecraft:walk_one_cm":1406411,"minecraft:drop":17,"minecraft:damage_dealt":1187,"minecraft:swim_one_cm":52144,"minecraft:talked_to_villager":2,"minecraft:fly_one_cm":114385,"minecraft:open_chest":98,"minecraft:crouch_one_cm":138,"minecraft:play_time":178833,"minecraft:deaths":1,"minecraft:sneak_time":933,"minecraft:walk_under_water_one_cm":41446,"minecraft:jump":771,"minecraft:interact_with_blast_furnace":3,"minecraft:walk_on_water_one_cm":38766,"minecraft:total_world_time":178833,"minecraft:fall_one_cm":22329},"minecraft:picked_up":{"gamma_beasts:thin_oak_log":43,"minecraft:wheat":3,"minecraft:azure_bluet":1,"projectvibrantjourneys:icicle":4,"projectvibrantjourneys:fallen_leaves":18,"minecraft:brown_bed":1,"gamma_beasts:oak_leaf":51,"gamma_beasts:green_apple":42,"minecraft:chainmail_chestplate":1,"minecraft:dirt":806,"minecraft:string":2,"minecraft:armor_stand":1,"minecraft:iron_shovel":1,"minecraft:stone_bricks":4,"minecraft:bow":1,"minecraft:wheat_seeds":123,"minecraft:red_sand":30,"minecraft:spruce_planks":7,"minecraft:spruce_wood":24,"minecraft:player_head":1,"minecraft:cyan_wool":2,"minecraft:spruce_slab":3,"minecraft:birch_sapling":1,"projectvibrantjourneys:light_brown_bark_mushroom":15,"minecraft:dark_oak_slab":1,"minecraft:stick":27,"minecraft:spruce_stairs":12,"minecraft:spruce_fence":3,"minecraft:sand":77,"soul_like_armors_reworked:dark_knight_leggings":1,"minecraft:spruce_sapling":24,"minecraft:spruce_log":235,"minecraft:light_blue_bed":3,"soul_like_armors_reworked:estusflask":2,"minecraft:diamond":4,"minecraft:chainmail_leggings":1,"projectvibrantjourneys:cattail":1},"minecraft:broken":{"minecraft:iron_shovel":4,"minecraft:iron_axe":1},"minecraft:killed_by":{"minecraft:player":1},"minecraft:used":{"minecraft:beetroot":11,"minecraft:red_sand":20,"minecraft:iron_shovel":1107,"minecraft:spruce_slab":2,"minecraft:spruce_planks":38,"travelersbackpack:iron_golem":2,"gamma_beasts:green_apple":15,"minecraft:iron_sword":9,"gamma_beasts:thin_oak_log":5,"minecraft:golden_apple":2,"minecraft:dirt":163,"minecraft:spruce_stairs":49,"minecraft:spruce_fence":7,"minecraft:spruce_log":27,"minecraft:glass":10,"soul_like_armors_reworked:dagger":103,"minecraft:apple":16,"minecraft:spruce_wood":100,"minecraft:bread":45,"minecraft:iron_axe":300,"minecraft:iron_pickaxe":48,"minecraft:light_blue_bed":3,"minecraft:golden_carrot":2,"minecraft:glass_pane":36},"minecraft:crafted":{"minecraft:spruce_planks":256,"minecraft:spruce_fence":6,"minecraft:air":0,"minecraft:glass_pane":48,"minecraft:glass":30,"minecraft:spruce_stairs":256,"minecraft:spruce_wood":156,"minecraft:iron_axe":3,"minecraft:spruce_slab":6,"minecraft:stick":4,"minecraft:iron_shovel":6},"minecraft:mined":{"projectvibrantjourneys:cattail":1,"minecraft:spruce_planks":12,"minecraft:glass_pane":5,"minecraft:deepslate_diamond_ore":4,"projectvibrantjourneys:rocks":2,"minecraft:red_sand":30,"projectvibrantjourneys:twigs":5,"minecraft:grass_block":631,"minecraft:spruce_fence":3,"projectvibrantjourneys:mossy_rocks":2,"minecraft:glass":10,"minecraft:tall_grass":164,"minecraft:spruce_leaves":13,"projectvibrantjourneys:fallen_leaves":10,"minecraft:oak_planks":1,"minecraft:spawner":3,"minecraft:gray_wool":2,"minecraft:spruce_stairs":14,"minecraft:black_stained_glass_pane":2,"minecraft:cyan_wool":4,"minecraft:black_stained_glass":3,"minecraft:dark_oak_slab":1,"minecraft:light_blue_bed":3,"minecraft:birch_log":1,"minecraft:spruce_log":189,"minecraft:azure_bluet":1,"minecraft:brown_bed":1,"gamma_beasts:thin_oak_log":50,"minecraft:grass":476,"projectvibrantjourneys:short_grass":127,"minecraft:dirt_path":2,"minecraft:sand":14,"minecraft:dirt":314,"minecraft:cobweb":1,"minecraft:spruce_wood":24,"minecraft:stone_bricks":4,"minecraft:player_head":1,"minecraft:oak_leaves":3,"minecraft:spruce_slab":1},"minecraft:dropped":{"minecraft:iron_ingot":2,"minecraft:wheat_seeds":64,"gamma_beasts:oak_leaf":51,"minecraft:dark_oak_slab":1,"minecraft:azure_bluet":1,"minecraft:dirt":27,"projectvibrantjourneys:light_brown_bark_mushroom":15,"projectvibrantjourneys:fallen_leaves":1,"gravestone:obituary":1,"minecraft:spruce_slab":1,"minecraft:chainmail_leggings":1,"minecraft:iron_shovel":2,"minecraft:gold_ingot":8,"minecraft:armor_stand":1},"minecraft:killed":{"minecraft:skeleton":2,"born_in_chaos_v1:bloody_gadfly":1,"minecraft:zombie":1,"farlanders:mystic_enderminion":1}},"DataVersion":3465}