{"stats":{"minecraft:picked_up":{"born_in_chaos_v1:corpse_maggot":1,"minecraft:stick":7,"minecraft:lilac":1,"minecraft:sand":1,"ecologics:coconut_husk":3,"minecraft:oak_log":19,"minecraft:apple":1,"soulslikeuniverse:estusflask":2,"swem:alfalfa_seeds":1,"gamma_beasts:coal_nugget":2,"soul_like_armors_reworked:dagger":1,"minecraft:oak_sapling":2,"minecraft:coal":9,"minecraft:cobblestone":7},"minecraft:crafted":{"minecraft:oak_planks":76,"minecraft:wooden_pickaxe":2,"minecraft:chest":1},"minecraft:mined":{"minecraft:lilac":1,"minecraft:oak_log":20,"minecraft:coal_ore":9,"projectvibrantjourneys:short_grass":4,"minecraft:stone":7,"minecraft:oak_leaves":4},"minecraft:custom":{"minecraft:time_since_rest":16102,"minecraft:sprint_one_cm":74927,"minecraft:damage_taken":236,"minecraft:walk_one_cm":129293,"minecraft:mob_kills":1,"minecraft:drop":1,"minecraft:damage_dealt":100,"minecraft:interact_with_crafting_table":1,"minecraft:fly_one_cm":10807,"minecraft:open_chest":4,"minecraft:play_time":16102,"minecraft:sneak_time":272,"minecraft:walk_under_water_one_cm":2897,"minecraft:jump":119,"minecraft:time_since_death":16102,"minecraft:leave_game":1,"minecraft:walk_on_water_one_cm":11149,"minecraft:total_world_time":16102,"minecraft:fall_one_cm":211},"minecraft:killed":{"born_in_chaos_v1:corpse_fly":1},"minecraft:dropped":{"soul_like_armors_reworked:dagger":1},"minecraft:used":{"soul_like_armors_reworked:dagger":1,"minecraft:wooden_pickaxe":35,"soulslikeuniverse:estusflask":3,"minecraft:rotten_flesh":1,"minecraft:bow":1,"alexsmobs:animal_dictionary":1}},"DataVersion":3465}