{"stats":{"minecraft:killed":{"minecraft:cow":1},"minecraft:picked_up":{"projectvibrantjourneys:light_brown_bark_mushroom":1,"minecraft:stick":2,"minecraft:pumpkin":1,"minecraft:jungle_log":27,"minecraft:leather":2,"alexsmobs:acacia_blossom":1,"minecraft:jungle_fence":1,"minecraft:jungle_wood":4,"minecraft:brown_bed":1,"epicfight:skillbook":1,"minecraft:yellow_bed":1,"minecraft:dirt":12,"minecraft:bone":2,"minecraft:wheat_seeds":2,"minecraft:beef":3,"minecraft:oak_sapling":1,"minecraft:chest":3,"minecraft:cobblestone":23,"minecraft:egg":2},"minecraft:mined":{"minecraft:podzol":1,"minecraft:large_fern":5,"minecraft:jungle_wood":4,"minecraft:jungle_fence":1,"minecraft:pumpkin":1,"gravestone:gravestone":1,"minecraft:grass_block":3,"projectvibrantjourneys:short_grass":4,"minecraft:vine":11,"minecraft:jungle_log":28,"minecraft:dirt":8,"minecraft:azalea_leaves":1,"minecraft:stone":25,"minecraft:fern":5},"minecraft:crafted":{"minecraft:jungle_wood":9,"minecraft:crafting_table":1,"minecraft:stick":12,"minecraft:wooden_pickaxe":2,"minecraft:jungle_planks":48},"minecraft:used":{"epicfight:skillbook":1,"soul_like_armors_reworked:dagger":3,"minecraft:chest":3,"minecraft:wooden_pickaxe":32,"soul_like_armors_reworked:estusflask":1,"minecraft:crafting_table":1},"minecraft:custom":{"minecraft:time_since_rest":10309,"minecraft:sprint_one_cm":136335,"minecraft:damage_taken":1797,"minecraft:walk_one_cm":641473,"minecraft:mob_kills":1,"minecraft:damage_dealt":281,"minecraft:damage_dealt_absorbed":2,"minecraft:interact_with_crafting_table":2,"minecraft:fly_one_cm":34076,"minecraft:open_chest":7,"minecraft:play_time":56491,"minecraft:deaths":6,"minecraft:sneak_time":291,"minecraft:walk_under_water_one_cm":336,"minecraft:jump":621,"minecraft:leave_game":1,"minecraft:walk_on_water_one_cm":1713,"minecraft:time_since_death":10188,"minecraft:interact_with_smoker":1,"minecraft:climb_one_cm":2922,"minecraft:total_world_time":56491,"minecraft:fall_one_cm":9414},"minecraft:killed_by":{"soulslikeuniverse:darkspirit":1,"minecraft:skeleton":1,"minecraft:zombie":3,"minecraft:enderman":1}},"DataVersion":3465}