{"stats":{"minecraft:picked_up":{"minecraft:pumpkin":1,"minecraft:stick":2,"minecraft:bone":2,"minecraft:jungle_log":27,"minecraft:wheat_seeds":2,"minecraft:jungle_wood":2,"minecraft:egg":2},"minecraft:mined":{"gravestone:gravestone":1,"minecraft:large_fern":3,"projectvibrantjourneys:short_grass":3,"minecraft:vine":11,"minecraft:jungle_wood":2,"minecraft:jungle_log":28,"minecraft:azalea_leaves":1,"minecraft:pumpkin":1,"minecraft:fern":1},"minecraft:used":{"soul_like_armors_reworked:dagger":3,"soul_like_armors_reworked:estusflask":1},"minecraft:custom":{"minecraft:time_since_rest":10474,"minecraft:play_time":29072,"minecraft:sprint_one_cm":95936,"minecraft:walk_one_cm":321512,"minecraft:damage_taken":1249,"minecraft:deaths":4,"minecraft:sneak_time":291,"minecraft:jump":301,"minecraft:damage_dealt":136,"minecraft:time_since_death":10437,"minecraft:total_world_time":29072,"minecraft:climb_one_cm":1470,"minecraft:damage_dealt_absorbed":2,"minecraft:fly_one_cm":18954,"minecraft:fall_one_cm":3624},"minecraft:killed_by":{"minecraft:skeleton":1,"minecraft:zombie":3}},"DataVersion":3465}