{"stats":{"minecraft:picked_up":{"born_in_chaos_v1:corpse_maggot":4,"swem:timothy_seeds":3,"minecraft:crafting_table":1,"minecraft:lilac":1,"minecraft:leather":1,"minecraft:tuff":1,"minecraft:oak_log":19,"minecraft:gunpowder":1,"minecraft:dirt":14,"minecraft:apple":1,"minecraft:wheat_seeds":2,"minecraft:beef":3,"minecraft:stone_pickaxe":2,"soul_like_armors_reworked:dagger":2,"minecraft:oak_planks":5,"minecraft:stick":7,"minecraft:raw_iron":5,"minecraft:oak_door":1,"minecraft:sand":1,"ecologics:coconut_husk":3,"minecraft:stone_button":1,"minecraft:light_blue_bed":1,"minecraft:arrow":1,"soulslikeuniverse:estusflask":2,"swem:alfalfa_seeds":2,"gamma_beasts:coal_nugget":31,"minecraft:oak_sapling":2,"minecraft:coal":96,"minecraft:cobblestone":61},"minecraft:crafted":{"minecraft:cooked_beef":1,"minecraft:oak_door":3,"minecraft:oak_planks":76,"minecraft:crafting_table":1,"minecraft:wooden_pickaxe":2,"minecraft:furnace":1,"minecraft:stick":24,"minecraft:iron_ingot":5,"minecraft:stone_pickaxe":1,"minecraft:chest":1,"minecraft:torch":4},"minecraft:mined":{"minecraft:oak_door":1,"minecraft:crafting_table":1,"minecraft:grass_block":2,"minecraft:stone_slab":1,"minecraft:tall_grass":3,"minecraft:oak_planks":5,"minecraft:large_fern":1,"minecraft:light_blue_bed":1,"minecraft:iron_ore":5,"minecraft:lilac":1,"minecraft:grass":21,"minecraft:coal_ore":96,"minecraft:oak_log":20,"projectvibrantjourneys:short_grass":19,"minecraft:dirt":12,"minecraft:stone":61,"minecraft:oak_leaves":4,"minecraft:fern":3},"minecraft:custom":{"minecraft:interact_with_furnace":3,"minecraft:mob_kills":7,"minecraft:interact_with_crafting_table":7,"minecraft:damage_dealt_resisted":12,"minecraft:leave_game":1,"minecraft:time_since_death":52102,"minecraft:sleep_in_bed":1,"minecraft:climb_one_cm":1088,"minecraft:time_since_rest":4565,"minecraft:sprint_one_cm":166570,"minecraft:damage_taken":601,"minecraft:walk_one_cm":494636,"minecraft:drop":5,"minecraft:damage_dealt":702,"minecraft:fly_one_cm":22169,"minecraft:open_chest":6,"minecraft:play_time":52102,"minecraft:sneak_time":272,"minecraft:walk_under_water_one_cm":4353,"minecraft:jump":416,"minecraft:walk_on_water_one_cm":13984,"minecraft:total_world_time":52102,"minecraft:fall_one_cm":4662},"minecraft:killed":{"born_in_chaos_v1:corpse_fly":6,"minecraft:cow":1},"minecraft:dropped":{"soul_like_armors_reworked:dagger":3,"minecraft:stone_pickaxe":2},"minecraft:broken":{"minecraft:wooden_pickaxe":1},"minecraft:used":{"epicfight:skillbook":1,"minecraft:stone_pickaxe":107,"minecraft:oak_planks":15,"minecraft:chest":1,"minecraft:wooden_pickaxe":97,"soul_like_armors_reworked:estusflask":3,"minecraft:rotten_flesh":2,"minecraft:oak_door":2,"minecraft:torch":2,"minecraft:crafting_table":2,"soul_like_armors_reworked:dagger":51,"minecraft:light_blue_bed":1,"soulslikeuniverse:estusflask":5,"minecraft:bow":1,"minecraft:furnace":1,"alexsmobs:animal_dictionary":1,"minecraft:cooked_beef":1,"soulslikeuniverse:dagger":25}},"DataVersion":3465}