{"stats":{"minecraft:picked_up":{"born_in_chaos_v1:corpse_maggot":1,"minecraft:stick":7,"minecraft:lilac":1,"minecraft:sand":1,"ecologics:coconut_husk":3,"minecraft:oak_log":19,"minecraft:dirt":3,"minecraft:apple":1,"soulslikeuniverse:estusflask":2,"swem:alfalfa_seeds":1,"gamma_beasts:coal_nugget":19,"soul_like_armors_reworked:dagger":1,"minecraft:oak_sapling":2,"minecraft:coal":54,"minecraft:cobblestone":20},"minecraft:crafted":{"minecraft:oak_planks":76,"minecraft:crafting_table":1,"minecraft:wooden_pickaxe":2,"minecraft:chest":1},"minecraft:mined":{"minecraft:lilac":1,"minecraft:oak_log":20,"minecraft:coal_ore":54,"projectvibrantjourneys:short_grass":4,"minecraft:dirt":3,"minecraft:stone":20,"minecraft:oak_leaves":4},"minecraft:custom":{"minecraft:time_since_rest":28102,"minecraft:sprint_one_cm":101474,"minecraft:damage_taken":246,"minecraft:walk_one_cm":233615,"minecraft:mob_kills":1,"minecraft:drop":1,"minecraft:damage_dealt":100,"minecraft:interact_with_crafting_table":1,"minecraft:fly_one_cm":12638,"minecraft:open_chest":4,"minecraft:play_time":28102,"minecraft:sneak_time":272,"minecraft:walk_under_water_one_cm":3825,"minecraft:jump":194,"minecraft:time_since_death":28102,"minecraft:leave_game":1,"minecraft:walk_on_water_one_cm":13462,"minecraft:total_world_time":28102,"minecraft:fall_one_cm":1024},"minecraft:killed":{"born_in_chaos_v1:corpse_fly":1},"minecraft:dropped":{"soul_like_armors_reworked:dagger":1},"minecraft:broken":{"minecraft:wooden_pickaxe":1},"minecraft:used":{"soul_like_armors_reworked:dagger":1,"minecraft:wooden_pickaxe":96,"soulslikeuniverse:estusflask":3,"minecraft:rotten_flesh":1,"minecraft:bow":1,"alexsmobs:animal_dictionary":1}},"DataVersion":3465}