{"stats":{"minecraft:picked_up":{"minecraft:bone":2,"minecraft:jungle_log":14,"minecraft:wheat_seeds":2,"minecraft:jungle_wood":1,"minecraft:egg":1},"minecraft:mined":{"minecraft:large_fern":1,"projectvibrantjourneys:short_grass":3,"minecraft:vine":6,"minecraft:jungle_wood":1,"minecraft:jungle_log":15,"minecraft:fern":1},"minecraft:used":{"soul_like_armors_reworked:dagger":3,"soul_like_armors_reworked:estusflask":1},"minecraft:custom":{"minecraft:time_since_rest":1976,"minecraft:play_time":17072,"minecraft:sprint_one_cm":61197,"minecraft:walk_one_cm":167363,"minecraft:damage_taken":848,"minecraft:deaths":3,"minecraft:sneak_time":291,"minecraft:jump":143,"minecraft:damage_dealt":112,"minecraft:time_since_death":1932,"minecraft:total_world_time":17072,"minecraft:climb_one_cm":297,"minecraft:damage_dealt_absorbed":2,"minecraft:fly_one_cm":12316,"minecraft:fall_one_cm":1436},"minecraft:killed_by":{"minecraft:skeleton":1,"minecraft:zombie":2}},"DataVersion":3465}