{"stats":{"minecraft:broken":{"minecraft:golden_boots":1,"minecraft:golden_leggings":1},"minecraft:crafted":{"minecraft:oak_door":3,"minecraft:oak_planks":32,"minecraft:glass":26,"travelersbackpack:white_sleeping_bag":2,"minecraft:stone_pickaxe":1,"minecraft:chest":1,"travelersbackpack:backpack_tank":4,"minecraft:wooden_pickaxe":1,"minecraft:baked_potato":7,"travelersbackpack:standard":2,"minecraft:stick":20,"minecraft:wooden_axe":1,"minecraft:gold_ingot":9},"minecraft:mined":{"minecraft:brewing_stand":1,"projectvibrantjourneys:rocks":1,"gravestone:gravestone":12,"minecraft:decorated_pot":1,"minecraft:composter":1,"minecraft:hay_block":62,"minecraft:iron_ore":7,"minecraft:fire":2,"minecraft:enchanting_table":1,"minecraft:gold_block":1,"minecraft:brown_bed":4,"minecraft:bookshelf":10,"minecraft:oak_sign":1,"minecraft:stone":11,"minecraft:white_wool":6,"minecraft:green_bed":2,"minecraft:tripwire":2,"minecraft:smithing_table":1,"minecraft:smoker":1,"minecraft:stone_brick_slab":4,"projectvibrantjourneys:twigs":1,"minecraft:blast_furnace":1,"minecraft:sponge":1,"minecraft:chest":1,"minecraft:lectern":1,"minecraft:tall_grass":2,"minecraft:grindstone":1,"projectvibrantjourneys:fallen_leaves":2,"minecraft:lilac":1,"minecraft:grass":2,"minecraft:oak_log":24,"minecraft:coal_ore":35,"projectvibrantjourneys:short_grass":2,"minecraft:sand":1,"minecraft:polished_andesite":1,"minecraft:stone_bricks":1,"minecraft:oak_leaves":1},"minecraft:used":{"minecraft:iron_sword":2,"minecraft:oak_door":2,"minecraft:spyglass":11,"minecraft:wooden_axe":39,"soul_like_armors_reworked:dagger":116,"bloodandmadness:weapons/lit_torch":2,"soulslikeuniverse:estusflask":15,"minecraft:hay_block":4,"minecraft:oak_sapling":4,"minecraft:brown_bed":2,"epicfight:skillbook":2,"farlanders:mystic_wand_invisible":1,"minecraft:stone_pickaxe":11,"minecraft:polished_andesite":1,"minecraft:baked_potato":7,"minecraft:wooden_pickaxe":54,"minecraft:green_bed":2,"minecraft:bread":31,"minecraft:iron_pickaxe":3,"minecraft:cobblestone":4,"born_in_chaos_v1:rotten_fish":1,"travelersbackpack:standard":1,"born_in_chaos_v1:wood_splitter_axe":4,"minecraft:pumpkin_pie":5,"minecraft:sea_pickle":2,"soulslikeuniverse:dagger":52},"minecraft:custom":{"minecraft:mob_kills":29,"minecraft:interact_with_crafting_table":13,"minecraft:open_barrel":31,"minecraft:damage_dealt_resisted":97,"minecraft:leave_game":6,"minecraft:time_since_death":13491,"minecraft:climb_one_cm":19348,"minecraft:sprint_one_cm":913047,"minecraft:walk_one_cm":2114919,"minecraft:drop":42,"minecraft:damage_dealt_absorbed":253,"minecraft:play_time":187412,"minecraft:deaths":11,"minecraft:sneak_time":3089,"minecraft:walk_under_water_one_cm":20700,"minecraft:interact_with_brewingstand":2,"minecraft:jump":2493,"minecraft:walk_on_water_one_cm":80461,"minecraft:total_world_time":188338,"minecraft:interact_with_furnace":9,"minecraft:sleep_in_bed":9,"minecraft:time_since_rest":13538,"minecraft:damage_taken":5047,"minecraft:damage_dealt":6174,"minecraft:swim_one_cm":93256,"minecraft:fly_one_cm":438335,"minecraft:open_chest":62,"minecraft:crouch_one_cm":8923,"minecraft:interact_with_smoker":1,"minecraft:fall_one_cm":45223},"minecraft:dropped":{"minecraft:spruce_sign":2,"minecraft:bread":8,"born_in_chaos_v1:shattered_skull":1,"gamma_beasts:coal_nugget":14,"soul_like_armors_reworked:estusflask":10,"minecraft:orange_tulip":1,"farlanders:mystic_wand_invisible":1,"travelersbackpack:standard":1,"minecraft:acacia_log":1,"swem:helmet_gold":2,"soulslikeuniverse:presentchest":1,"minecraft:polished_blackstone_pressure_plate":1,"minecraft:sponge":1,"projectvibrantjourneys:fallen_leaves":2,"gravestone:obituary":8,"swem:oat_seeds":2,"minecraft:pink_tulip":1,"minecraft:gravel":1,"alexsmobs:animal_dictionary":2,"soulslikeuniverse:dagger":1,"swem:alfalfa_seeds":1,"minecraft:rotten_flesh":4,"minecraft:oak_sign":1,"minecraft:mangrove_log":4,"minecraft:charcoal":2,"born_in_chaos_v1:corpse_maggot":5,"soul_like_armors_reworked:dagger":1,"minecraft:wooden_pickaxe":1},"minecraft:killed":{"born_in_chaos_v1:skeleton_demoman":1,"minecraft:spider":1,"born_in_chaos_v1:maggot":1,"minecraft:horse":1,"minecraft:skeleton":4,"bloodandmadness:beast_patient":2,"bloodandmadness:huntsman_axe":1,"farlanders:looter":1,"farlanders:mystic_enderman":1,"born_in_chaos_v1:decrepit_skeleton":1,"born_in_chaos_v1:bloody_gadfly":1,"minecraft:zombie":3,"born_in_chaos_v1:corpse_fly":4,"soulslikeuniverse:badomengiant":1,"minecraft:cow":5},"minecraft:picked_up":{"minecraft:charcoal":2,"minecraft:smithing_table":1,"minecraft:brown_bed":2,"minecraft:gold_block":1,"gravestone:obituary":1,"minecraft:brewing_stand":1,"minecraft:brick":1,"minecraft:string":2,"minecraft:armor_stand":4,"minecraft:oak_sign":1,"bloodandmadness:blood_vial":5,"minecraft:sea_pickle":2,"minecraft:beef":14,"minecraft:spruce_slab":1,"minecraft:lectern":1,"minecraft:chest":1,"bloodandmadness:weapons/lit_torch":1,"minecraft:mangrove_log":4,"minecraft:raw_iron":7,"minecraft:stick":8,"born_in_chaos_v1:shattered_skull":1,"minecraft:oak_door":2,"minecraft:composter":1,"minecraft:green_bed":2,"minecraft:acacia_log":1,"epicfight:skillbook":1,"born_in_chaos_v1:pieceofdarkmetal":1,"minecraft:arrow":3,"minecraft:rotten_flesh":5,"soulslikeuniverse:estusflask":6,"born_in_chaos_v1:wood_splitter_axe":2,"minecraft:hay_block":62,"swem:alfalfa_seeds":1,"minecraft:pink_tulip":2,"gamma_beasts:coal_nugget":14,"swem:helmet_gold":2,"minecraft:cobblestone":14,"minecraft:white_wool":6,"minecraft:enchanting_table":1,"minecraft:sponge":1,"born_in_chaos_v1:corpse_maggot":5,"swem:timothy_seeds":1,"minecraft:lilac":1,"minecraft:andesite":1,"projectvibrantjourneys:fallen_leaves":4,"minecraft:leather":6,"minecraft:smoker":1,"minecraft:potato":1,"minecraft:oak_log":24,"minecraft:lantern":3,"farlanders:mystic_wand_invisible":2,"soulslikeuniverse:giantsoul":1,"minecraft:bone":7,"minecraft:apple":8,"minecraft:stone_bricks":1,"minecraft:wheat_seeds":1,"minecraft:orange_tulip":2,"minecraft:grindstone":1,"swem:oat_seeds":3,"minecraft:book":30,"minecraft:stone_brick_slab":4,"minecraft:gravel":1,"minecraft:sand":26,"minecraft:blast_furnace":1,"soul_like_armors_reworked:rustysteelmace":1,"minecraft:dark_oak_log":3,"minecraft:polished_andesite":1,"minecraft:polished_blackstone_pressure_plate":1,"minecraft:iron_helmet":4,"minecraft:painting":1,"minecraft:bread":3,"minecraft:spruce_sign":2,"born_in_chaos_v1:rotten_fish":1,"projectvibrantjourneys:orange_bark_mushroom":1,"minecraft:oak_sapling":8,"soul_like_armors_reworked:rustysteel_leggings":1,"minecraft:coal":34},"minecraft:killed_by":{"soulslikeuniverse:hollowsoldiersword":2,"minecraft:pillager":1,"farlanders:classic_enderman":1,"soulslikeuniverse:fieldboss_crucibleknight":2,"soulslikeuniverse:fieldboss_countrobert":1,"soulslikeuniverse:monstergodricksoldier":1,"minecraft:skeleton":1,"minecraft:zombie":1,"iceandfire:fire_dragon":1}},"DataVersion":3465}