{"stats":{"minecraft:killed":{"epicsamurai:tanuki":1},"minecraft:picked_up":{"minecraft:stick":2,"minecraft:wheat":109,"minecraft:jungle_log":23,"minecraft:dirt":43,"minecraft:lantern":2,"epicsamurai:straw_hat":1,"minecraft:wheat_seeds":281,"alexsmobs:banana":1,"minecraft:hay_block":8,"gamma_beasts:coal_nugget":2,"minecraft:bamboo":43,"minecraft:brown_banner":2,"minecraft:coal":13,"minecraft:cobblestone":15,"minecraft:egg":3},"minecraft:dropped":{"soulslikeuniverse:dagger":1,"minecraft:chest":2,"epicfight:skillbook":1},"minecraft:mined":{"minecraft:large_fern":1,"minecraft:podzol":1,"minecraft:hay_block":8,"minecraft:wheat":109,"gravestone:gravestone":1,"minecraft:coal_ore":13,"projectvibrantjourneys:short_grass":2,"minecraft:vine":2,"minecraft:jungle_log":23,"minecraft:lantern":1,"minecraft:dirt":41,"minecraft:stone":15,"minecraft:fern":1},"minecraft:crafted":{"minecraft:jungle_door":3,"minecraft:crafting_table":1,"minecraft:stick":16,"minecraft:wooden_pickaxe":1,"minecraft:wooden_axe":1,"minecraft:chest":3,"minecraft:torch":4,"minecraft:bread":54,"minecraft:jungle_planks":72,"minecraft:wheat":54},"minecraft:used":{"minecraft:wooden_axe":17,"epicfight:skillbook":4,"soul_like_armors_reworked:dagger":5,"minecraft:lantern":2,"minecraft:bread":2,"minecraft:jungle_log":1,"minecraft:chest":1,"minecraft:wooden_pickaxe":30,"soulslikeuniverse:estusflask":5,"soul_like_armors_reworked:estusflask":5,"minecraft:torch":1,"minecraft:dirt":1,"minecraft:hay_block":1,"minecraft:crafting_table":1,"minecraft:brown_banner":2,"minecraft:jungle_door":1,"soulslikeuniverse:dagger":9},"minecraft:custom":{"minecraft:time_since_rest":29608,"minecraft:damage_taken":529,"minecraft:sprint_one_cm":164673,"minecraft:walk_one_cm":423333,"minecraft:mob_kills":1,"minecraft:drop":4,"minecraft:damage_dealt":376,"minecraft:damage_dealt_absorbed":13,"minecraft:interact_with_crafting_table":4,"minecraft:fly_one_cm":66785,"minecraft:open_barrel":2,"minecraft:open_chest":11,"minecraft:crouch_one_cm":3135,"minecraft:play_time":41421,"minecraft:deaths":1,"minecraft:sneak_time":519,"minecraft:jump":606,"minecraft:leave_game":1,"minecraft:time_since_death":29559,"minecraft:walk_on_water_one_cm":1559,"minecraft:total_world_time":42861,"minecraft:climb_one_cm":1930,"minecraft:fall_one_cm":8464},"minecraft:killed_by":{"minecraft:husk":1}},"DataVersion":3465}