{"stats":{"minecraft:picked_up":{"minecraft:crafting_table":2,"minecraft:leather":7,"minecraft:tuff":2,"minecraft:oak_log":45,"minecraft:gunpowder":1,"minecraft:dirt":9,"minecraft:lantern":7,"minecraft:armor_stand":1,"minecraft:bone":2,"minecraft:oak_sign":2,"minecraft:apple":1,"minecraft:wheat_seeds":1,"minecraft:grindstone":1,"minecraft:beef":9,"minecraft:oak_fence_gate":1,"minecraft:poppy":2,"projectvibrantjourneys:sandy_sprouts":4,"swem:oat_seeds":2,"minecraft:moss_block":2,"minecraft:quartz_stairs":1,"ecologics:crab_claw":1,"minecraft:furnace":1,"minecraft:stick":1,"minecraft:raw_iron":10,"ecologics:coconut_slice":3,"minecraft:oak_fence":4,"born_in_chaos_v1:ethereal_spirit":1,"ecologics:coconut_seedling":4,"minecraft:porkchop":14,"minecraft:sand":1,"minecraft:stone_button":3,"minecraft:light_blue_bed":1,"minecraft:barrel":2,"ecologics:coconut_log":21,"swem:alfalfa_seeds":3,"minecraft:iron_block":1,"gamma_beasts:coal_nugget":4,"minecraft:oak_sapling":13,"minecraft:coal":13,"minecraft:white_wool":4,"minecraft:rail":10,"minecraft:cobblestone":93},"minecraft:crafted":{"minecraft:cooked_beef":9,"minecraft:oak_door":3,"minecraft:oak_planks":180,"minecraft:stone_shovel":1,"minecraft:cooked_porkchop":14,"minecraft:crafting_table":1,"ecologics:coconut_planks":84,"minecraft:wooden_pickaxe":1,"minecraft:iron_sword":2,"minecraft:furnace":1,"minecraft:stone_axe":1,"minecraft:oak_fence_gate":4,"minecraft:iron_chestplate":1,"minecraft:stick":160,"minecraft:iron_ingot":19,"minecraft:stone_pickaxe":2,"minecraft:iron_leggings":1,"minecraft:oak_fence":51},"minecraft:mined":{"minecraft:tuff":1,"minecraft:quartz_stairs":1,"projectvibrantjourneys:rocks":2,"minecraft:oak_fence":4,"minecraft:crafting_table":2,"minecraft:grass_block":2,"minecraft:poppy":2,"ecologics:coconut_log":21,"minecraft:grindstone":1,"minecraft:moss_block":1,"minecraft:large_fern":1,"minecraft:light_blue_bed":1,"minecraft:furnace":1,"minecraft:iron_ore":10,"minecraft:barrel":2,"minecraft:grass":3,"minecraft:coal_ore":13,"minecraft:oak_log":45,"projectvibrantjourneys:short_grass":3,"minecraft:oak_fence_gate":1,"minecraft:lantern":7,"minecraft:sand":2,"minecraft:dirt":2,"minecraft:stone":93,"minecraft:iron_block":1,"minecraft:white_wool":4,"pots_and_mimics:treasure_pot":1},"minecraft:custom":{"minecraft:interact_with_furnace":12,"minecraft:mob_kills":17,"minecraft:interact_with_crafting_table":21,"minecraft:open_barrel":8,"minecraft:leave_game":1,"minecraft:time_since_death":66001,"minecraft:sleep_in_bed":2,"minecraft:climb_one_cm":3334,"minecraft:time_since_rest":3536,"minecraft:sprint_one_cm":254890,"minecraft:damage_taken":587,"minecraft:walk_one_cm":688411,"minecraft:drop":21,"minecraft:damage_dealt":2041,"minecraft:talked_to_villager":1,"minecraft:damage_dealt_absorbed":102,"minecraft:swim_one_cm":15716,"minecraft:fly_one_cm":168673,"minecraft:open_chest":7,"minecraft:crouch_one_cm":2247,"minecraft:play_time":66001,"minecraft:sneak_time":388,"minecraft:walk_under_water_one_cm":13071,"minecraft:jump":842,"minecraft:walk_on_water_one_cm":15113,"minecraft:total_world_time":66182,"minecraft:fall_one_cm":14645},"minecraft:killed":{"minecraft:pig":8,"born_in_chaos_v1:restless_spirit":1,"minecraft:skeleton":1,"soulslikeuniverse:siegmeyer":1,"ecologics:coconut_crab":1,"minecraft:cow":5},"minecraft:dropped":{"minecraft:moss_block":2,"minecraft:cooked_porkchop":7,"minecraft:tuff":2,"projectvibrantjourneys:sandy_sprouts":4,"minecraft:stone_shovel":1,"swem:alfalfa_seeds":2,"ecologics:crab_claw":1,"minecraft:gunpowder":1,"minecraft:stone_button":3,"minecraft:quartz_stairs":1,"ecologics:coconut_husk":3,"swem:oat_seeds":2},"minecraft:used":{"minecraft:oak_fence":53,"epicfight:skillbook":1,"minecraft:armor_stand":1,"minecraft:stone_pickaxe":107,"minecraft:baked_potato":2,"minecraft:wooden_pickaxe":26,"minecraft:iron_sword":15,"minecraft:oak_door":1,"minecraft:dirt":1,"minecraft:crafting_table":3,"minecraft:oak_fence_gate":4,"soul_like_armors_reworked:dagger":25,"minecraft:lantern":7,"minecraft:light_blue_bed":1,"soulslikeuniverse:estusflask":3,"minecraft:barrel":2,"minecraft:stone_axe":82,"ecologics:coconut_slice":3,"minecraft:furnace":2,"minecraft:grindstone":1,"minecraft:cooked_beef":6,"soulslikeuniverse:dagger":31}},"DataVersion":3465}