{"stats":{"minecraft:custom":{"minecraft:interact_with_furnace":19,"minecraft:mob_kills":8,"minecraft:interact_with_crafting_table":22,"minecraft:open_barrel":18,"minecraft:interact_with_stonecutter":1,"minecraft:leave_game":7,"minecraft:time_since_death":73343,"minecraft:sleep_in_bed":9,"minecraft:time_since_rest":13884,"minecraft:sprint_one_cm":714639,"minecraft:damage_taken":2249,"minecraft:walk_one_cm":1643363,"minecraft:drop":29,"minecraft:damage_dealt":1507,"minecraft:damage_dealt_absorbed":147,"minecraft:swim_one_cm":52510,"minecraft:player_kills":1,"minecraft:fly_one_cm":338171,"minecraft:crouch_one_cm":19025,"minecraft:open_chest":49,"minecraft:play_time":167367,"minecraft:deaths":3,"minecraft:sneak_time":3881,"minecraft:walk_under_water_one_cm":6489,"minecraft:jump":1365,"minecraft:walk_on_water_one_cm":26897,"minecraft:total_world_time":167534,"minecraft:fall_one_cm":28063,"minecraft:horse_one_cm":34632},"minecraft:picked_up":{"minecraft:birch_log":71,"gamma_beasts:thin_oak_log":10,"minecraft:wheat":3,"minecraft:azure_bluet":1,"minecraft:birch_slab":2,"minecraft:golden_pickaxe":1,"projectvibrantjourneys:fallen_leaves":4,"gamma_beasts:green_apple":23,"gamma_beasts:oak_leaf":3,"minecraft:dirt":867,"minecraft:iron_axe":1,"minecraft:item_frame":3,"minecraft:iron_shovel":2,"minecraft:bone":1,"minecraft:bow":2,"minecraft:stonecutter":1,"minecraft:wheat_seeds":48,"minecraft:iron_ingot":6,"soul_like_armors_reworked:dagger":1,"minecraft:poppy":4,"minecraft:spruce_slab":5,"minecraft:birch_sapling":30,"projectvibrantjourneys:light_brown_bark_mushroom":17,"minecraft:stick":71,"projectvibrantjourneys:bark_mushroom":3,"minecraft:sand":211,"minecraft:golden_axe":1,"minecraft:spruce_sapling":101,"minecraft:blast_furnace":1,"minecraft:spruce_log":248,"minecraft:cyan_bed":2,"minecraft:light_blue_bed":1,"alexsmobs:animal_dictionary":3,"soul_like_armors_reworked:estusflask":2,"minecraft:beetroot_seeds":1,"minecraft:gold_ingot":8,"projectvibrantjourneys:orange_bark_mushroom":3,"minecraft:white_wool":2,"minecraft:cobblestone":15},"minecraft:killed_by":{"born_in_chaos_v1:bloody_gadfly":1,"minecraft:zombie":1},"minecraft:broken":{"minecraft:iron_shovel":2,"minecraft:golden_axe":1,"minecraft:iron_axe":1,"minecraft:stone_shovel":1},"minecraft:used":{"epicfight:skillbook":2,"simplyswords:iron_claymore":9,"minecraft:iron_shovel":652,"minecraft:birch_planks":66,"minecraft:spruce_slab":77,"minecraft:stone_shovel":83,"minecraft:baked_potato":1,"minecraft:chest":2,"gamma_beasts:green_apple":16,"soul_like_armors_reworked:estusflask":7,"minecraft:white_wool":3,"minecraft:dirt":213,"minecraft:sand":24,"minecraft:crafting_table":1,"minecraft:spruce_log":102,"minecraft:birch_fence":6,"minecraft:glass":24,"soul_like_armors_reworked:dagger":14,"minecraft:apple":1,"minecraft:iron_axe":370,"minecraft:bread":23,"minecraft:birch_slab":23,"minecraft:cyan_bed":2,"minecraft:birch_sapling":2,"mcdw:bow_winters_touch":4,"minecraft:light_blue_bed":1,"minecraft:spruce_sapling":1,"travelersbackpack:standard":1,"minecraft:cobblestone":7,"variantvanillablocks:spruce_chest":2,"minecraft:furnace":1,"minecraft:glass_pane":28,"minecraft:birch_stairs":32,"minecraft:golden_axe":27,"minecraft:golden_pickaxe":18,"minecraft:experience_bottle":4},"minecraft:mined":{"projectvibrantjourneys:rocks":1,"gravestone:gravestone":3,"projectvibrantjourneys:twigs":3,"minecraft:blast_furnace":1,"minecraft:grass_block":518,"minecraft:tall_grass":12,"minecraft:birch_slab":2,"minecraft:spruce_leaves":81,"minecraft:cyan_bed":2,"projectvibrantjourneys:fallen_leaves":2,"minecraft:light_blue_bed":1,"minecraft:birch_log":71,"minecraft:wheat":3,"minecraft:spruce_log":254,"minecraft:birch_leaves":3,"minecraft:grass":33,"gamma_beasts:thin_oak_log":12,"projectvibrantjourneys:short_grass":7,"minecraft:dirt_path":40,"minecraft:sand":211,"minecraft:dirt":272,"minecraft:stonecutter":1,"minecraft:stone":15,"minecraft:white_wool":3,"minecraft:oak_leaves":2,"minecraft:spruce_slab":5},"minecraft:crafted":{"minecraft:oak_planks":20,"minecraft:crafting_table":1,"minecraft:spruce_planks":192,"travelersbackpack:backpack_tank":2,"travelersbackpack:standard":1,"minecraft:birch_slab":126,"minecraft:furnace":1,"minecraft:birch_planks":204,"minecraft:glass_pane":32,"variantvanillablocks:spruce_chest":3,"minecraft:glass":135,"travelersbackpack:white_sleeping_bag":1,"minecraft:iron_boots":1,"minecraft:iron_chestplate":1,"minecraft:birch_fence":6,"minecraft:iron_axe":1,"minecraft:spruce_slab":108,"minecraft:chest":2,"minecraft:iron_shovel":1,"minecraft:iron_leggings":1,"minecraft:birch_stairs":52},"minecraft:dropped":{"gamma_beasts:oak_leaf":3,"alexsmobs:animal_dictionary":4,"minecraft:azure_bluet":1,"gamma_beasts:green_apple":4,"minecraft:item_frame":3,"minecraft:poppy":4,"minecraft:dirt":64,"projectvibrantjourneys:fallen_leaves":1,"minecraft:beetroot_seeds":1,"soul_like_armors_reworked:dagger":1,"gravestone:obituary":3,"minecraft:spruce_log":64,"minecraft:sand":64,"minecraft:iron_axe":1,"minecraft:bow":2,"minecraft:iron_shovel":1,"projectvibrantjourneys:bark_mushroom":1},"minecraft:killed":{"farlanders:rebel":1,"minecraft:creeper":1,"born_in_chaos_v1:maggot":1,"minecraft:skeleton":1,"minecraft:zombie":4,"minecraft:player":1}},"DataVersion":3465}