{"stats":{"minecraft:crafted":{"minecraft:oak_door":3,"minecraft:oak_planks":28,"minecraft:wooden_pickaxe":1,"minecraft:baked_potato":7,"minecraft:stick":20,"minecraft:wooden_axe":1},"minecraft:mined":{"minecraft:smithing_table":1,"minecraft:stone_brick_slab":4,"projectvibrantjourneys:rocks":1,"gravestone:gravestone":5,"projectvibrantjourneys:twigs":1,"minecraft:blast_furnace":1,"minecraft:sponge":1,"minecraft:grindstone":1,"projectvibrantjourneys:fallen_leaves":2,"minecraft:composter":1,"minecraft:hay_block":40,"minecraft:fire":2,"minecraft:lilac":1,"minecraft:brown_bed":2,"minecraft:grass":2,"minecraft:oak_log":24,"minecraft:coal_ore":35,"projectvibrantjourneys:short_grass":2,"minecraft:oak_sign":1,"minecraft:stone":9,"minecraft:stone_bricks":1,"minecraft:polished_andesite":1,"minecraft:oak_leaves":1,"minecraft:tripwire":2,"minecraft:green_bed":1},"minecraft:used":{"epicfight:skillbook":1,"minecraft:polished_andesite":1,"minecraft:baked_potato":7,"minecraft:wooden_pickaxe":54,"minecraft:green_bed":1,"minecraft:oak_door":2,"minecraft:spyglass":5,"minecraft:wooden_axe":27,"soul_like_armors_reworked:dagger":73,"bloodandmadness:weapons/lit_torch":2,"minecraft:bread":10,"soulslikeuniverse:estusflask":10,"minecraft:cobblestone":2,"minecraft:oak_sapling":4,"born_in_chaos_v1:wood_splitter_axe":4,"minecraft:sea_pickle":2,"soulslikeuniverse:dagger":28,"minecraft:brown_bed":1},"minecraft:custom":{"minecraft:interact_with_furnace":4,"minecraft:mob_kills":15,"minecraft:interact_with_crafting_table":2,"minecraft:open_barrel":17,"minecraft:damage_dealt_resisted":97,"minecraft:leave_game":5,"minecraft:time_since_death":4708,"minecraft:sleep_in_bed":4,"minecraft:climb_one_cm":12910,"minecraft:time_since_rest":4818,"minecraft:sprint_one_cm":180716,"minecraft:damage_taken":2547,"minecraft:walk_one_cm":1051551,"minecraft:drop":25,"minecraft:damage_dealt":3407,"minecraft:damage_dealt_absorbed":133,"minecraft:swim_one_cm":16946,"minecraft:fly_one_cm":79389,"minecraft:open_chest":28,"minecraft:crouch_one_cm":2840,"minecraft:play_time":84458,"minecraft:deaths":4,"minecraft:sneak_time":2000,"minecraft:walk_under_water_one_cm":10925,"minecraft:jump":981,"minecraft:walk_on_water_one_cm":38038,"minecraft:total_world_time":85384,"minecraft:fall_one_cm":13300},"minecraft:dropped":{"minecraft:bread":8,"minecraft:gravel":1,"minecraft:spruce_sign":2,"alexsmobs:animal_dictionary":1,"gamma_beasts:coal_nugget":14,"soulslikeuniverse:dagger":1,"soul_like_armors_reworked:estusflask":10,"minecraft:acacia_log":1,"minecraft:oak_sign":1,"minecraft:mangrove_log":4,"soulslikeuniverse:presentchest":1,"minecraft:polished_blackstone_pressure_plate":1,"minecraft:sponge":1,"projectvibrantjourneys:fallen_leaves":2,"soul_like_armors_reworked:dagger":1,"gravestone:obituary":4,"minecraft:wooden_pickaxe":1,"minecraft:pink_tulip":1},"minecraft:killed":{"born_in_chaos_v1:skeleton_demoman":1,"farlanders:mystic_enderman":1,"born_in_chaos_v1:decrepit_skeleton":1,"minecraft:skeleton":3,"minecraft:zombie":3,"bloodandmadness:beast_patient":2,"born_in_chaos_v1:corpse_fly":1,"bloodandmadness:huntsman_axe":1,"soulslikeuniverse:badomengiant":1},"minecraft:picked_up":{"minecraft:sponge":1,"born_in_chaos_v1:corpse_maggot":1,"swem:timothy_seeds":1,"minecraft:lilac":1,"minecraft:andesite":1,"projectvibrantjourneys:fallen_leaves":4,"minecraft:smithing_table":1,"minecraft:brown_bed":1,"minecraft:oak_log":24,"minecraft:lantern":3,"farlanders:mystic_wand_invisible":1,"soulslikeuniverse:giantsoul":1,"minecraft:armor_stand":4,"minecraft:bone":6,"bloodandmadness:blood_vial":5,"minecraft:oak_sign":1,"minecraft:apple":1,"minecraft:stone_bricks":1,"minecraft:sea_pickle":2,"minecraft:wheat_seeds":1,"minecraft:orange_tulip":1,"minecraft:grindstone":1,"swem:oat_seeds":1,"minecraft:mangrove_log":4,"bloodandmadness:weapons/lit_torch":1,"minecraft:stick":7,"born_in_chaos_v1:shattered_skull":1,"minecraft:composter":1,"minecraft:stone_brick_slab":4,"minecraft:acacia_log":1,"minecraft:green_bed":1,"minecraft:gravel":1,"minecraft:sand":1,"minecraft:blast_furnace":1,"born_in_chaos_v1:pieceofdarkmetal":1,"soul_like_armors_reworked:rustysteelmace":1,"minecraft:dark_oak_log":3,"minecraft:polished_andesite":1,"minecraft:arrow":2,"minecraft:rotten_flesh":4,"soulslikeuniverse:estusflask":2,"born_in_chaos_v1:wood_splitter_axe":2,"minecraft:polished_blackstone_pressure_plate":1,"minecraft:hay_block":40,"minecraft:iron_helmet":4,"minecraft:pink_tulip":2,"gamma_beasts:coal_nugget":14,"minecraft:spruce_sign":2,"projectvibrantjourneys:orange_bark_mushroom":1,"minecraft:oak_sapling":7,"soul_like_armors_reworked:rustysteel_leggings":1,"minecraft:coal":34,"minecraft:cobblestone":12},"minecraft:killed_by":{"minecraft:skeleton":1,"minecraft:zombie":1,"minecraft:pillager":1,"farlanders:classic_enderman":1}},"DataVersion":3465}