{"stats":{"minecraft:mined":{"minecraft:grass":2,"minecraft:light_blue_bed":1,"gravestone:gravestone":1},"minecraft:dropped":{"gravestone:obituary":1,"minecraft:poppy":4,"alexsmobs:animal_dictionary":4,"minecraft:beetroot_seeds":1,"soul_like_armors_reworked:dagger":1},"minecraft:killed_by":{"batman_mod:joker":1},"minecraft:killed":{"minecraft:skeleton":1},"minecraft:picked_up":{"minecraft:beetroot_seeds":1,"minecraft:iron_ingot":4,"soul_like_armors_reworked:dagger":1,"minecraft:poppy":4,"minecraft:bone":1,"soul_like_armors_reworked:estusflask":2,"minecraft:light_blue_bed":1,"alexsmobs:animal_dictionary":3},"minecraft:custom":{"minecraft:open_barrel":1,"minecraft:open_chest":4,"minecraft:time_since_rest":11884,"minecraft:crouch_one_cm":1149,"minecraft:damage_taken":930,"minecraft:play_time":23294,"minecraft:sprint_one_cm":77288,"minecraft:deaths":1,"minecraft:walk_one_cm":258183,"minecraft:sneak_time":696,"minecraft:walk_under_water_one_cm":2778,"minecraft:mob_kills":1,"minecraft:drop":11,"minecraft:jump":365,"minecraft:damage_dealt":485,"minecraft:leave_game":4,"minecraft:time_since_death":11230,"minecraft:walk_on_water_one_cm":7873,"minecraft:total_world_time":23461,"minecraft:damage_dealt_absorbed":7,"minecraft:swim_one_cm":17201,"minecraft:fall_one_cm":6083,"minecraft:fly_one_cm":40907,"minecraft:horse_one_cm":34632},"minecraft:used":{"epicfight:skillbook":1,"soul_like_armors_reworked:dagger":14,"minecraft:bread":5,"minecraft:light_blue_bed":1,"soul_like_armors_reworked:estusflask":7}},"DataVersion":3465}