{"stats":{"minecraft:custom":{"minecraft:mob_kills":4,"minecraft:open_barrel":16,"minecraft:interact_with_stonecutter":1,"minecraft:leave_game":5,"minecraft:time_since_death":20189,"minecraft:sleep_in_bed":3,"minecraft:time_since_rest":7399,"minecraft:sprint_one_cm":337160,"minecraft:damage_taken":1671,"minecraft:walk_one_cm":726831,"minecraft:drop":17,"minecraft:damage_dealt":1032,"minecraft:damage_dealt_absorbed":7,"minecraft:swim_one_cm":47913,"minecraft:fly_one_cm":129503,"minecraft:open_chest":18,"minecraft:crouch_one_cm":9759,"minecraft:play_time":62579,"minecraft:deaths":2,"minecraft:sneak_time":2169,"minecraft:walk_under_water_one_cm":4097,"minecraft:jump":664,"minecraft:walk_on_water_one_cm":17930,"minecraft:total_world_time":62746,"minecraft:fall_one_cm":13263,"minecraft:horse_one_cm":34632},"minecraft:picked_up":{"gamma_beasts:thin_oak_log":10,"minecraft:wheat":3,"minecraft:golden_pickaxe":1,"projectvibrantjourneys:fallen_leaves":1,"gamma_beasts:green_apple":21,"gamma_beasts:oak_leaf":3,"minecraft:dirt":441,"minecraft:item_frame":3,"minecraft:iron_shovel":2,"minecraft:bone":1,"minecraft:bow":2,"minecraft:stonecutter":1,"minecraft:wheat_seeds":32,"minecraft:iron_ingot":4,"soul_like_armors_reworked:dagger":1,"minecraft:poppy":4,"minecraft:stick":3,"minecraft:golden_axe":1,"minecraft:blast_furnace":1,"minecraft:cyan_bed":2,"minecraft:light_blue_bed":1,"alexsmobs:animal_dictionary":3,"soul_like_armors_reworked:estusflask":2,"minecraft:beetroot_seeds":1,"minecraft:white_wool":2},"minecraft:killed_by":{"minecraft:zombie":1},"minecraft:broken":{"minecraft:iron_shovel":1,"minecraft:golden_axe":1},"minecraft:used":{"epicfight:skillbook":2,"simplyswords:iron_claymore":9,"minecraft:iron_shovel":396,"minecraft:baked_potato":1,"gamma_beasts:green_apple":4,"soul_like_armors_reworked:estusflask":7,"minecraft:white_wool":3,"minecraft:dirt":110,"soul_like_armors_reworked:dagger":14,"minecraft:apple":1,"minecraft:bread":17,"minecraft:cyan_bed":1,"minecraft:light_blue_bed":1,"minecraft:golden_pickaxe":3,"minecraft:golden_axe":27,"minecraft:experience_bottle":4},"minecraft:mined":{"gravestone:gravestone":2,"projectvibrantjourneys:twigs":2,"minecraft:blast_furnace":1,"minecraft:grass_block":277,"minecraft:tall_grass":10,"minecraft:cyan_bed":2,"minecraft:light_blue_bed":1,"minecraft:wheat":3,"gamma_beasts:thin_oak_log":12,"minecraft:grass":23,"projectvibrantjourneys:short_grass":1,"minecraft:dirt":164,"minecraft:stonecutter":1,"minecraft:white_wool":3,"minecraft:oak_leaves":2},"minecraft:dropped":{"gamma_beasts:oak_leaf":3,"alexsmobs:animal_dictionary":4,"minecraft:item_frame":3,"minecraft:poppy":4,"projectvibrantjourneys:fallen_leaves":1,"minecraft:beetroot_seeds":1,"soul_like_armors_reworked:dagger":1,"gravestone:obituary":2,"minecraft:bow":1,"minecraft:iron_shovel":1},"minecraft:killed":{"farlanders:rebel":1,"minecraft:skeleton":1,"minecraft:zombie":2}},"DataVersion":3465}