{"stats":{"minecraft:custom":{"minecraft:interact_with_crafting_table":51,"minecraft:play_time":5179493,"minecraft:deaths":94,"minecraft:jump":44501,"minecraft:play_record":1,"minecraft:interact_with_cartography_table":3,"minecraft:interact_with_smoker":11,"minecraft:inspect_dispenser":1,"minecraft:horse_one_cm":154884,"minecraft:interact_with_anvil":31,"minecraft:inspect_hopper":9,"minecraft:tune_noteblock":4,"minecraft:time_since_rest":21098,"minecraft:swim_one_cm":853471,"minecraft:open_chest":2915,"minecraft:damage_resisted":12,"minecraft:play_noteblock":5,"minecraft:talked_to_villager":7,"minecraft:interact_with_brewingstand":5,"minecraft:fill_cauldron":2,"minecraft:damage_dealt_resisted":10691,"minecraft:boat_one_cm":749306,"minecraft:damage_taken":74254,"minecraft:open_barrel":656,"minecraft:leave_game":103,"minecraft:time_since_death":21035,"minecraft:enchant_item":5,"minecraft:interact_with_furnace":85,"minecraft:sleep_in_bed":264,"minecraft:damage_dealt":160474,"corail_woodcutter:interact_with_sawmill":4,"minecraft:interact_with_smithing_table":8,"minecraft:damage_dealt_absorbed":877,"minecraft:sneak_time":112514,"minecraft:interact_with_blast_furnace":17,"minecraft:total_world_time":5180386,"minecraft:interact_with_stonecutter":18,"minecraft:fly_one_cm":23233171,"minecraft:fall_one_cm":759097,"minecraft:animals_bred":30,"minecraft:sprint_one_cm":12770985,"minecraft:drop":817,"minecraft:walk_on_water_one_cm":835602,"minecraft:interact_with_loom":3,"minecraft:player_kills":1,"minecraft:crouch_one_cm":342965,"minecraft:mob_kills":1308,"minecraft:climb_one_cm":677674,"minecraft:walk_one_cm":52180147,"minecraft:walk_under_water_one_cm":415070,"minecraft:raid_trigger":3,"minecraft:pot_flower":3,"minecraft:interact_with_grindstone":2,"minecraft:damage_absorbed":80,"minecraft:trigger_trapped_chest":1},"minecraft:used":{"iceandfire:lectern":1,"minecraft:moss_block":29,"revampedpiles:cobblestone_roof":10,"farmersdelight:cabbage_seeds":80,"iceandfire:dragon_skull_ice":14,"minecraft:stone":3,"minecraft:rotten_flesh":21,"minecraft:azure_bluet":1,"twilightforest:etched_nagastone":2,"minecraft:spruce_boat":2,"the_pillager_legion_:legion_showel_tpl":31,"minecraft:lava_bucket":1,"minecraft:red_wool":8,"cozy_home:dark_oak_storage_counter":2,"twilightforest:nagastone":1,"minecraft:bow":1,"minecraft:oak_sapling":110,"minecraft:cooked_cod":16,"minecraft:acacia_fence":33,"minecraft:composter":3,"overweight_farming:overweight_carrot_block":1,"minecraft:golden_apple":2,"astikorcarts:plow":1,"minecraft:blast_furnace":2,"undergarden:deepsoil":2,"minecraft:birch_fence":35,"cfm:spruce_upgraded_fence":11,"corail_woodcutter:jungle_woodcutter":3,"minecraft:birch_slab":146,"born_in_chaos_v1:monster_flesh":1,"mcwbridges:acacia_log_bridge_middle":121,"minecraft:nether_wart_block":1,"minecraft:diamond_sword":658,"globalxp:xp_block":2,"twilightforest:canopy_fence_gate":6,"minecraft:smithing_table":1,"twilightforest:twilight_oak_log":1,"minecraft:enchanting_table":1,"minecraft:armor_stand":29,"cozy_home:dark_oak_counter":1,"minecraft:light_gray_carpet":1,"oresabovediamonds:amethyst_sword":70,"variantvanillablocks:birch_bookshelf":26,"minecraft:torch":785,"minecraft:brewing_stand":1,"twilightforest:mossy_etched_nagastone":3,"minecraft:oak_fence_gate":2,"projectvibrantjourneys:fallen_leaves":5,"iceandfire:podium_dark_oak":3,"minecraft:iron_block":1,"twilightforest:canopy_fence":25,"minecraft:barrel":9,"minecraft:basalt":69,"farmersdelight:tomato_seeds":1,"minecraft:acacia_planks":6,"minecraft:cherry_log":1,"minecraft:wheat_seeds":248,"minecraft:birch_planks":236,"minecraft:cauldron":2,"wom:diamond_legbottomseal":3,"minecraft:spruce_fence_gate":1,"minecraft:deepslate_bricks":104,"minecraft:polished_deepslate_slab":12,"born_in_chaos_v1:skullbreaker_hammer":1076,"minecraft:white_bed":5,"minecraft:spruce_log":212,"gamma_beasts:fried_egg":7,"minecraft:diamond_pickaxe":2283,"alexscaves:extinction_spear":70,"the_pillager_legion_:legion_heavy_axe_tpl":29,"minecraft:spruce_trapdoor":1,"minecraft:spruce_sapling":113,"minecraft:potion":2,"minecraft:cooked_porkchop":65,"minecraft:dandelion":1,"minecraft:light_blue_banner":1,"minecraft:cherry_sapling":1,"oresabovediamonds:netherite_opal_sword":32,"minecraft:mossy_stone_brick_slab":7,"ring_of_teleport:ring_of_teleport":25,"revampedpiles:desert_rug":1,"minecraft:obsidian":14,"minecraft:honey_bottle":2,"wom:agony":31,"minecraft:lantern":28,"minecraft:light_blue_bed":6,"minecraft:item_frame":2,"minecraft:birch_trapdoor":11,"minecraft:written_book":6,"luphieclutteredmod:luphie_darkwood_quilted_bed":2,"minecraft:skeleton_skull":1,"minecraft:dark_oak_sapling":4,"iceandfire:armor_white_leggings":2,"iceandfire:armor_bronze_boots":1,"farmersdelight:chicken_soup":2,"twilightforest:naga_trophy":2,"epicfight:skillbook":27,"pickablepets:pet":4,"minecraft:stone_pickaxe":877,"minecraft:oak_planks":100,"minecraft:sandstone":267,"minecraft:sugar_cane":137,"minecraft:white_wool":63,"iceandfire:podium_spruce":15,"minecraft:mushroom_stew":1,"farmersdelight:ratatouille":7,"minecraft:lever":1,"minecraft:acacia_door":4,"minecraft:dark_oak_log":1,"minecraft:bread":581,"undergarden:wigglewood_log":7,"minecraft:iron_door":1,"variantvanillablocks:spruce_chest":3,"iceandfire:dragon_skull_fire":6,"minecraft:smooth_stone_slab":4,"wom:moonless":4,"minecraft:bone_meal":47,"twilightforest:twilight_oak_chest":2,"minecraft:netherite_sword":2,"minecraft:rose_bush":1,"minecraft:flint_and_steel":3,"minecraft:redstone":39,"minecraft:stone_hoe":119,"iceandfire:armor_copper_metal_boots":1,"mcda:emerald_gear_boots":2,"minecraft:dirt":2672,"minecraft:spruce_fence":30,"minecraft:iron_hoe":8,"minecraft:wooden_axe":27,"minecraft:oak_stairs":166,"minecraft:iron_boots":2,"minecraft:deepslate_tile_stairs":9,"the_pillager_legion_:legion_deep":1,"minecraft:cooked_beef":62,"the_pillager_legion_:legion_cut_sandstone_3":10,"minecraft:light_gray_bed":2,"minecraft:iron_leggings":2,"minecraft:quartz_bricks":20,"minecraft:cobblestone_stairs":29,"minecraft:baked_potato":97,"minecraft:birch_boat":17,"twilightforest:canopy_log":2,"minecraft:flower_pot":4,"minecraft:piston":18,"minecraft:black_wool":2,"cfm:birch_coffee_table":4,"iceandfire:ash":1,"minecraft:stone_axe":258,"minecraft:pumpkin_pie":7,"minecraft:birch_stairs":66,"mcda:emerald_gear_helmet":1,"minecraft:beetroot":1,"cozy_home:dark_oak_sink_counter":1,"minecraft:spruce_slab":383,"minecraft:ladder":59,"minecraft:chest":12,"minecraft:brown_concrete":14,"twilightforest:canopy_sapling":3,"soul_like_armors_reworked:darkknightsword":423,"minecraft:acacia_sapling":10,"iceandfire:spawn_egg_hippocampus":1,"minecraft:birch_sapling":48,"minecraft:pink_wool":9,"minecraft:furnace":5,"minecraft:egg":8,"minecraft:potato":155,"projectvibrantjourneys:rocks":1,"minecraft:spruce_door":9,"the_pillager_legion_:republican_gmaduis_tpl":36,"elevatorid:elevator_white":4,"minecraft:sand":154,"minecraft:pumpkin_seeds":21,"minecraft:deepslate_tiles":46,"minecraft:cherry_sign":1,"minecraft:soul_lantern":17,"minecraft:dark_oak_fence":40,"minecraft:iron_bars":1,"minecraft:netherrack":2,"minecraft:anvil":3,"soul_like_armors_reworked:dagger":25,"minecraft:iron_axe":1182,"minecraft:melon_seeds":16,"cfm:red_sofa":11,"minecraft:acacia_wood":9,"hamsters:hamster":11,"minecraft:cobbled_deepslate":171,"minecraft:golden_axe":61,"minecraft:water_bucket":171,"iceandfire:dragon_skull_lightning":3,"minecraft:mossy_cobblestone":16,"minecraft:oak_slab":153,"minecraft:crafting_table":3,"variantvanillablocks:acacia_chest":6,"minecraft:deepslate_tile_wall":30,"minecraft:oak_log":106,"minecraft:mud":3,"minecraft:iron_pickaxe":5530,"projectvibrantjourneys:dark_oak_hollow_log":2,"minecraft:cobblestone":439,"travelersbackpack:standard":10,"luphieclutteredmod:blue_bicycle":2,"minecraft:glass_pane":189,"minecraft:candle":1,"travelersbackpack:horse":1,"minecraft:iron_shovel":1564,"minecraft:diamond_hoe":283,"the_pillager_legion_:legion_disc_block_ending":1,"gamma_beasts:thin_oak_log":1,"minecraft:carrot":165,"minecraft:tuff":6,"minecraft:axolotl_bucket":7,"minecraft:milk_bucket":1,"minecraft:polished_deepslate_stairs":5,"born_in_chaos_v1:corpse_maggot":36,"minecraft:glass":176,"mcdw:bow_winters_touch":2502,"minecraft:iron_helmet":1,"born_in_chaos_v1:gnawed_bones":1,"minecraft:stone_bricks":8,"soul_like_armors_reworked:darkknighttrident":3,"minecraft:repeater":21,"minecraft:red_carpet":17,"minecraft:hay_block":71,"minecraft:beetroot_seeds":168,"minecraft:dark_oak_sign":2,"minecraft:birch_leaves":45,"variantvanillablocks:birch_chest":24,"undergarden:wigglewood_sapling":2,"minecraft:black_banner":3,"minecraft:shears":49,"minecraft:redstone_torch":1,"the_pillager_legion_:legion_flaming_sword":163,"minecraft:light_gray_concrete":1,"minecraft:cyan_bed":4,"minecraft:grindstone":3,"minecraft:white_concrete":52,"minecraft:tropical_fish_bucket":1,"minecraft:golden_pickaxe":34,"minecraft:experience_bottle":116,"minecraft:azalea":1,"minecraft:oak_fence":27,"simplyswords:iron_claymore":194,"minecraft:stone_shovel":711,"minecraft:spruce_planks":2,"gamma_beasts:green_apple":25,"minecraft:wooden_shovel":59,"soul_like_armors_reworked:estusflask":127,"twilightforest:deadrock":23,"gamma_beasts:strawberry":2,"luphieclutteredmod:luphie_wine_bottle_rack":8,"minecraft:spyglass":36,"minecraft:white_carpet":20,"minecraft:hopper":24,"minecraft:cobblestone_wall":13,"alexsmobs:maggot":7,"minecraft:acacia_slab":174,"alexscaves:spelunkery_table":1,"projectvibrantjourneys:cattail":1,"cfm:birch_chair":6,"iceandfire:dragonbone_pickaxe":8,"farmersdelight:fried_egg":11,"minecraft:brown_bed":1,"cfm:yellow_grill":1,"minecraft:cooked_mutton":5,"minecraft:amethyst_block":15,"minecraft:stonecutter":1,"farmersdelight:onion":17,"soul_like_armors_reworked:blackkatana":1,"minecraft:painting":3,"travelersbackpack:wolf":130,"minecraft:smoker":1,"minecraft:acacia_stairs":17,"minecraft:apple":47,"twilightforest:firefly":2,"mg_secrets_of_mermaids:tropical_pygmy_mermaid_spawn_egg":7,"luphieclutteredmod:luphie_darkwood_cabinet":2,"minecraft:white_banner":5,"minecraft:bucket":178,"minecraft:red_banner":4},"minecraft:mined":{"mcwbridges:acacia_log_bridge_middle":1,"twilightforest:cracked_etched_nagastone":1,"minecraft:blue_carpet":6,"minecraft:white_bed":5,"iceandfire:myrmex_resin_desert":1,"undergarden:wigglewood_log":7,"cfm:birch_chair":2,"minecraft:light_gray_bed":2,"minecraft:green_concrete":68,"travelersbackpack:wolf":7,"twilightforest:nagastone_pillar":5,"minecraft:spawner":38,"minecraft:polished_blackstone_bricks":1,"epicsamurai:deepslate_jade_ore":2,"minecraft:magma_block":1,"minecraft:dark_oak_trapdoor":1,"minecraft:fire":37,"minecraft:barrel":10,"minecraft:cobbled_deepslate":12,"minecraft:deepslate_lapis_ore":28,"iceandfire:gold_pile":133,"minecraft:light_gray_concrete":1,"farmersdelight:rice_panicles":57,"minecraft:pink_tulip":10,"minecraft:tripwire":1,"minecraft:cut_sandstone":3,"minecraft:torch":8,"the_pillager_legion_:legion_deep":1,"projectvibrantjourneys:twigs":15,"minecraft:melon":56,"minecraft:dead_bush":9,"iceandfire:sapphire_ore":1,"farmersdelight:cabbages":24,"minecraft:sugar_cane":72,"minecraft:amethyst_block":23,"minecraft:birch_sapling":1,"minecraft:chain":3,"minecraft:repeater":10,"the_pillager_legion_:legion_cut_deep_2":1,"minecraft:grass":593,"minecraft:smooth_quartz":13,"twilightforest:canopy_log":67,"minecraft:deepslate":1264,"minecraft:attached_pumpkin_stem":3,"minecraft:deepslate_tiles":6,"minecraft:brown_concrete":160,"minecraft:mossy_cobblestone":16,"minecraft:cherry_sapling":1,"minecraft:dark_oak_fence":42,"minecraft:redstone_wire":33,"projectvibrantjourneys:dark_oak_hollow_log":2,"twilightforest:time_leaves":1,"twilightforest:etched_nagastone":1,"minecraft:andesite":6,"twilightforest:twilight_oak_leaves":1,"minecraft:mossy_stone_brick_stairs":1,"minecraft:cobblestone_slab":1,"minecraft:vine":1,"minecraft:rail":1,"minecraft:bone_block":78,"minecraft:potted_allium":1,"minecraft:oak_slab":4,"minecraft:birch_stairs":14,"minecraft:redstone_block":7,"minecraft:glass_pane":26,"minecraft:dandelion":5,"minecraft:cornflower":43,"minecraft:warped_roots":2,"projectvibrantjourneys:mossy_rocks":1,"minecraft:tall_grass":180,"minecraft:copper_ore":47,"minecraft:deepslate_gold_ore":73,"minecraft:diorite":1,"minecraft:coarse_dirt":3,"minecraft:light_blue_bed":6,"minecraft:cobblestone_wall":2,"minecraft:dark_oak_wall_sign":2,"faded_conquest_2:terrible_tensummon":1,"iceandfire:silver_pile":56,"minecraft:cobweb":15,"minecraft:polished_blackstone":2,"minecraft:stone_bricks":11,"minecraft:gold_ore":34,"minecraft:iron_trapdoor":2,"minecraft:fern":24,"minecraft:oak_sapling":4,"minecraft:mossy_stone_brick_slab":3,"minecraft:brewing_stand":1,"minecraft:budding_amethyst":2,"minecraft:polished_diorite":6,"minecraft:composter":1,"minecraft:gilded_blackstone":3,"variantvanillablocks:birch_bookshelf":6,"weapons_deluxe:deepslateplatinumore":5,"minecraft:brown_bed":1,"minecraft:red_tulip":12,"minecraft:iron_bars":5,"minecraft:azalea":1,"minecraft:spruce_slab":48,"minecraft:deepslate_redstone_ore":8,"ecologics:pot":5,"minecraft:medium_amethyst_bud":4,"twilightforest:twilight_oak_log":1,"minecraft:nether_quartz_ore":58,"minecraft:oak_planks":2,"minecraft:light_blue_banner":1,"minecraft:wall_torch":31,"minecraft:cauldron":3,"epicsamurai:aquamarine_ore":5,"minecraft:smooth_stone_slab":1,"minecraft:oak_log":234,"minecraft:beetroots":107,"minecraft:dirt":1270,"luminous_nether:white_fire":1,"uniquedungeons:urn":1,"minecraft:quartz_stairs":1,"minecraft:glow_lichen":2,"minecraft:ladder":1,"minecraft:decorated_pot":1,"luphieclutteredmod:luphie_darkwood_quilted_bed":2,"projectvibrantjourneys:sandstone_rocks":4,"minecraft:birch_slab":10,"minecraft:spruce_leaves":109,"minecraft:acacia_slab":21,"twilightforest:nagastone_head":2,"minecraft:hay_block":93,"luminous_nether:soul_cauldron":1,"minecraft:nether_sprouts":2,"twilightforest:naga_trophy":1,"cfm:red_sofa":7,"minecraft:peony":33,"minecraft:gold_block":14,"minecraft:nether_brick_fence":1,"minecraft:bookshelf":31,"minecraft:deepslate_iron_ore":102,"twilightforest:mossy_etched_nagastone":1,"minecraft:scaffolding":1,"born_in_chaos_v1:marigolds":1,"minecraft:basalt":34,"supplementaries:ashen_basalt":1,"travelersbackpack:standard":1,"epicsamurai:deepslate_aquamarine_ore":1,"minecraft:oak_fence":4,"minecraft:quartz_bricks":28,"minecraft:deepslate_coal_ore":4,"twilightforest:mayapple":2,"minecraft:birch_planks":66,"luphieclutteredmod:luphie_darkwood_cabinet":2,"luphieclutteredmod:luphie_wine_bottle_rack":5,"minecraft:ice":115,"minecraft:black_wall_banner":3,"minecraft:white_wall_banner":1,"elevatorid:elevator_white":2,"luminous_nether:loot_vase_4":4,"minecraft:cherry_leaves":66,"minecraft:cyan_carpet":1,"minecraft:flower_pot":1,"minecraft:cracked_stone_bricks":2,"minecraft:small_dripleaf":1,"minecraft:mossy_stone_bricks":3,"pots_and_mimics:treasure_pot":34,"minecraft:dark_oak_planks":4,"iceandfire:podium_dark_oak":3,"minecraft:cherry_log":67,"minecraft:obsidian":7,"minecraft:chiseled_polished_blackstone":5,"epicsamurai:silver_ore":26,"twilightforest:twilight_oak_chest":2,"minecraft:deepslate_bricks":12,"minecraft:coal_block":37,"minecraft:deepslate_tile_stairs":4,"minecraft:hopper":8,"overweight_farming:overweight_carrot_block":1,"minecraft:weeping_vines_plant":8,"minecraft:pumpkin":66,"minecraft:moss_carpet":7,"minecraft:cave_vines":1,"minecraft:dirt_path":44,"minecraft:oak_stairs":8,"minecraft:small_amethyst_bud":5,"minecraft:smooth_sandstone_stairs":1,"minecraft:blue_orchid":16,"minecraft:iron_block":4,"weapons_deluxe:deepslaterubiore":5,"minecraft:brown_mushroom":18,"minecraft:soul_fire":7,"twilightforest:canopy_fence_gate":2,"minecraft:blast_furnace":2,"minecraft:polished_andesite_stairs":1,"minecraft:glass":18,"minecraft:cyan_bed":6,"projectvibrantjourneys:fallen_leaves":10,"pots_and_mimics:nether_treasure_pot":8,"minecraft:light_gray_stained_glass":9,"minecraft:wheat":101,"minecraft:lilac":27,"undergarden:deepsoil":2,"uniquedungeons:antique_pebble_pressure_plate":1,"minecraft:potted_poppy":2,"minecraft:stone_brick_stairs":1,"projectvibrantjourneys:short_grass":129,"uniquedungeons:crystal":1,"minecraft:stonecutter":1,"minecraft:piston":4,"uniquedungeons:empty_urn":1,"minecraft:yellow_terracotta":5,"iceandfire:silver_ore":75,"projectvibrantjourneys:rocks":10,"minecraft:nether_bricks":10,"minecraft:allium":5,"the_pillager_legion_:legion_cut_deep_3":3,"iceandfire:deepslate_silver_ore":3,"minecraft:moss_block":295,"minecraft:black_stained_glass_pane":6,"minecraft:acacia_wood":97,"minecraft:potatoes":37,"minecraft:white_wool":16,"twilightforest:canopy_fence":9,"minecraft:smithing_table":1,"minecraft:light_gray_carpet":5,"uniquedungeons:climbing_hook":3,"epicsamurai:jade_ore":4,"minecraft:gray_concrete":5,"minecraft:comparator":1,"luminous_nether:loot_vase_5":2,"minecraft:stone_brick_slab":2,"overweight_farming:overweight_cabbage_block":1,"gamma_beasts:abedul_hoja_1":1,"minecraft:emerald_ore":1,"twilightforest:nagastone":13,"minecraft:purple_bed":1,"iceandfire:desert_myrmex_cocoon":1,"minecraft:white_carpet":18,"minecraft:torchflower":1,"minecraft:spruce_log":346,"minecraft:birch_leaves":70,"minecraft:red_wall_banner":3,"revampedpiles:desert_rug":1,"minecraft:mycelium":1,"minecraft:dripstone_block":49,"minecraft:acacia_door":2,"minecraft:deepslate_emerald_ore":13,"minecraft:large_amethyst_bud":1,"minecraft:spruce_planks":2,"minecraft:cobblestone_stairs":10,"minecraft:grass_block":1468,"farmersdelight:budding_tomatoes":1,"minecraft:glowstone":11,"minecraft:iron_ore":347,"minecraft:azure_bluet":1,"minecraft:dark_oak_stairs":3,"twilightforest:canopy_leaves":28,"epicsamurai:deepslate_silver_ore":2,"cfm:spruce_upgraded_fence":1,"projectvibrantjourneys:cattail":28,"minecraft:blackstone":202,"minecraft:melon_stem":1,"minecraft:polished_deepslate_stairs":1,"luminous_nether:loot_vase_6":2,"minecraft:soul_lantern":12,"minecraft:chiseled_quartz_block":147,"minecraft:clay":55,"iceandfire:dragon_ice_spikes":180,"minecraft:calcite":2,"minecraft:poppy":19,"minecraft:chest":26,"supplementaries:wild_flax":4,"farmersdelight:brown_mushroom_colony":3,"minecraft:mushroom_stem":1,"minecraft:cobblestone":63,"minecraft:grindstone":3,"twilightforest:canopy_sapling":3,"minecraft:iron_door":2,"minecraft:seagrass":4,"minecraft:nether_wart_block":2,"minecraft:birch_log":201,"minecraft:lapis_block":2,"minecraft:birch_trapdoor":3,"projectvibrantjourneys:bones":3,"minecraft:cherry_door":1,"minecraft:sand":1443,"variantvanillablocks:birch_chest":4,"minecraft:netherrack":12,"undergarden:wigglewood_sapling":1,"minecraft:oak_leaves":10,"minecraft:emerald_block":1,"minecraft:redstone_lamp":21,"alexscaves:spelunkery_table":1,"minecraft:red_carpet":36,"minecraft:tuff":14,"minecraft:potted_wither_rose":1,"minecraft:deepslate_diamond_ore":72,"minecraft:candle":2,"travelersbackpack:light_blue_sleeping_bag":1,"gravestone:gravestone":66,"epicsamurai:deepslate_ruby_ore":6,"minecraft:weeping_vines":17,"minecraft:white_stained_glass":3,"iceandfire:frozen_splinters":34,"minecraft:sandstone":806,"minecraft:large_fern":1,"epicsamurai:onyx_ore":6,"minecraft:potted_dark_oak_sapling":1,"minecraft:spruce_sapling":4,"minecraft:furnace":1,"minecraft:carrots":103,"gamma_beasts:prehnite_ore":71,"minecraft:acacia_stairs":2,"twilightforest:cracked_nagastone_pillar":2,"minecraft:lantern":22,"minecraft:packed_ice":21,"minecraft:stone":3234,"minecraft:redstone_wall_torch":1,"the_pillager_legion_:legion_stone":1,"minecraft:red_banner":1,"minecraft:spruce_door":3,"minecraft:crafting_table":1,"minecraft:rose_bush":2,"minecraft:lapis_ore":11,"minecraft:lily_pad":11,"minecraft:cactus":2,"minecraft:beehive":2,"minecraft:redstone_torch":7,"gamma_beasts:thin_oak_log":15,"minecraft:coal_ore":468,"minecraft:gray_carpet":1,"minecraft:polished_andesite":1,"epicsamurai:ruby_ore":5},"minecraft:picked_up":{"twilightforest:naga_trophy":1,"luphieclutteredmod:luphie_darkwood_quilted_bed":3,"minecraft:smithing_table":1,"minecraft:lead":6,"farmersdelight:rice_panicle":57,"minecraft:enchanted_book":8,"bloodandmadness:weapons/hunting_axe":2,"minecraft:string":129,"minecraft:dark_oak_pressure_plate":1,"iceandfire:dragonbone_pickaxe":1,"minecraft:diamond_leggings":1,"iceandfire:myrmex_desert_resin":3,"the_pillager_legion_:legion_armor_helmet":1,"born_in_chaos_v1:shattered_skull":3,"minecraft:golden_axe":1,"minecraft:cauldron":3,"minecraft:stone_sword":3,"minecraft:honey_bottle":4,"minecraft:red_tulip":11,"projectvibrantjourneys:cattail":24,"mcdw:bow_winters_touch":3,"supplementaries:quiver":1,"supplementaries:ash":38,"minecraft:blaze_rod":14,"epicfight:stray_robe":1,"minecraft:iron_bars":4,"minecraft:snowball":16,"iceandfire:sapphire_gem":1,"minecraft:cooked_beef":20,"minecraft:feather":10,"the_pillager_legion_:legion_sword_tpl":1,"minecraft:water_bucket":1,"faded_conquest_2:key_of_conquest":1,"minecraft:lantern":31,"farmersdelight:tomato":2,"twilightforest:canopy_sapling":27,"born_in_chaos_v1:marigolds":2,"minecraft:stonecutter":1,"soul_like_armors_reworked:dark_knight_helmet":1,"minecraft:dark_oak_sign":4,"minecraft:diamond_helmet":1,"epicsamurai:raw_silver":28,"minecraft:chiseled_polished_blackstone":5,"iceandfire:dragonscales_sapphire":24,"iceandfire:dragon_skull_fire":20,"soul_like_armors_reworked:dark_knight_leggings":1,"the_pillager_legion_:legion_disc_block_ending":1,"iceandfire:lightning_dragon_heart":4,"minecraft:acacia_stairs":1,"alexsmobs:animal_dictionary":3,"minecraft:polished_andesite":2,"twilightforest:canopy_planks":50,"minecraft:cherry_hanging_sign":1,"mcdw:double_axe_whirlwind":1,"knightquest:small_essence":11,"iceandfire:troll_leather_forest":1,"epicsamurai:ruby":11,"minecraft:light_gray_carpet":5,"iceandfire:raw_silver":105,"minecraft:diamond_pickaxe":2,"iceandfire:dragon_skull_lightning":8,"minecraft:mud":3,"minecraft:leather_leggings":4,"minecraft:golden_pickaxe":1,"minecraft:clay_ball":161,"born_in_chaos_v1:seedof_chaos":9,"minecraft:redstone_lamp":21,"cfm:red_sofa":7,"gamma_beasts:birch_leaf":2,"minecraft:cornflower":65,"soul_like_armors_reworked:darkknightshield":2,"iceandfire:dragonegg_silver":1,"minecraft:acacia_door":2,"luminous_nether:torn_rag":1,"minecraft:white_carpet":39,"born_in_chaos_v1:intoxicating_decoction":5,"epicsamurai:jade":5,"minecraft:iron_shovel":3,"travelersbackpack:pig":2,"alexsmobs:komodo_spit":1,"undergarden:wigglewood_log":7,"minecraft:jungle_sapling":3,"minecraft:poppy":27,"minecraft:spruce_slab":51,"minecraft:birch_sapling":57,"minecraft:piston":4,"minecraft:diamond_hoe":2,"minecraft:stone":3,"farmersdelight:tomato_seeds":1,"born_in_chaos_v1:pieceofdarkmetal":14,"iceandfire:deathworm_chitin_white":19,"iceandfire:dragon_skull_ice":27,"minecraft:stone_shovel":1,"minecraft:hay_block":94,"minecraft:yellow_terracotta":5,"born_in_chaos_v1:spiny_shell":1,"minecraft:polished_blackstone":4,"minecraft:mutton":9,"minecraft:rail":3,"minecraft:bone_block":81,"minecraft:birch_leaves":45,"iceandfire:sea_serpent_fang":1,"born_in_chaos_v1:monster_flesh":9,"minecraft:smooth_red_sandstone":3,"minecraft:yellow_dye":1,"minecraft:acacia_wood":110,"minecraft:lily_pad":42,"minecraft:paper":113,"soul_like_armors_reworked:blackkatana":1,"minecraft:light_blue_banner":1,"minecraft:apple":8,"gamma_beasts:meat":4,"minecraft:stone_pickaxe":2,"weapons_deluxe:rubigem":11,"minecraft:cherry_sign":1,"epicsamurai:aquamarine":6,"minecraft:dark_oak_stairs":4,"minecraft:polished_andesite_stairs":3,"minecraft:smooth_basalt":1,"twilightforest:nagastone_pillar":5,"born_in_chaos_v1:orbofthe_summoner":2,"twilightforest:cracked_nagastone_pillar":2,"soul_like_armors_reworked:rustysteelmace":2,"minecraft:leather_helmet":1,"travelersbackpack:standard":6,"minecraft:slime_ball":11,"minecraft:painting":12,"iceandfire:ice_dragon_flesh":48,"cozy_home:dark_oak_storage_counter":1,"minecraft:baked_potato":86,"projectvibrantjourneys:orange_bark_mushroom":14,"minecraft:hopper":8,"minecraft:yellow_wool":1,"gamma_beasts:fur":6,"minecraft:gilded_blackstone":5,"minecraft:stone_brick_stairs":1,"minecraft:lapis_block":2,"alexsmobs:gazelle_horn":1,"iceandfire:sea_serpent_scales_bronze":4,"uniquedungeons:crystal_shard":2,"minecraft:comparator":1,"minecraft:bucket":3,"minecraft:rose_bush":6,"minecraft:cobblestone_slab":2,"minecraft:azalea":15,"soul_like_armors_reworked:dagger":1,"minecraft:wooden_shovel":1,"minecraft:iron_pickaxe":13,"minecraft:smooth_quartz":50,"bloodandmadness:pure_quicksilver":1,"minecraft:smooth_quartz_stairs":10,"iceandfire:dragonscales_red":36,"minecraft:tipped_arrow":10,"minecraft:birch_trapdoor":3,"minecraft:polished_deepslate_stairs":1,"epicfight:skillbook":28,"iceandfire:rotten_egg":4,"minecraft:diorite":1,"minecraft:rotten_flesh":239,"alexsmobs:emu_egg":1,"minecraft:mangrove_roots":1,"minecraft:obsidian":12,"minecraft:cobblestone":3453,"minecraft:pink_petals":3,"minecraft:leather_chestplate":5,"minecraft:lilac":28,"minecraft:repeater":10,"twilightforest:twilight_oak_log":1,"luminous_nether:executioner_trophy":1,"minecraft:andesite":15,"gamma_beasts:prehnite":94,"minecraft:potato":142,"minecraft:smooth_sandstone_stairs":2,"gamma_beasts:oak_leaf":34,"minecraft:cut_sandstone_slab":1,"overweight_farming:overweight_carrot_block":1,"minecraft:dirt":3095,"iceandfire:dragonscales_bronze":34,"revampedpiles:desert_rug":1,"minecraft:glass":33,"minecraft:bone":329,"minecraft:bow":9,"minecraft:wheat_seeds":516,"minecraft:grindstone":3,"minecraft:mossy_stone_bricks":3,"overweight_farming:overweight_cabbage_block":1,"the_pillager_legion_:legion_flaming_sword":1,"minecraft:mossy_cobblestone":16,"soul_like_armors_reworked:dark_knight_boots":3,"minecraft:sugar":2,"luminous_nether:ghostly_essence":14,"minecraft:soul_lantern":12,"minecraft:bone_meal":3,"minecraft:crossbow":4,"minecraft:grass":6,"minecraft:golden_apple":5,"minecraft:emerald":60,"astikorcarts:plow":1,"minecraft:netherrack":3,"iceandfire:silver_nugget":288,"minecraft:azure_bluet":2,"minecraft:ladder":7,"minecraft:brown_mushroom":37,"faded_conquest_2:summon_blocknight":10,"twilightforest:nagastone":13,"minecraft:chain":2,"minecraft:shield":2,"minecraft:moss_carpet":84,"minecraft:blackstone":198,"minecraft:blue_orchid":19,"bloodandmadness:blood_vial":59,"twilightforest:nagastone_head":2,"epicsamurai:akaname_tongue":2,"bloodandmadness:weapons/lit_torch":1,"iceandfire:ice_dragon_heart":8,"twilightforest:canopy_fence_gate":2,"iceandfire:dragonscales_gray":65,"gamma_beasts:dark_oak_leaf":1,"iceandfire:deathworm_chitin_red":32,"minecraft:light_blue_bed":6,"iceandfire:deathworm_egg_giant":1,"bloodandmadness:beastblood_clump":6,"minecraft:weeping_vines":8,"alexscaves:dark_tatters":1,"minecraft:pumpkin_pie":2,"twilightforest:etched_nagastone":1,"minecraft:nether_bricks":8,"minecraft:pink_tulip":12,"minecraft:black_banner":3,"minecraft:skeleton_skull":7,"born_in_chaos_v1:corpse_maggot":55,"farmersdelight:rich_soil":6,"minecraft:basalt":71,"minecraft:leather":63,"simplyswords:iron_claymore":6,"minecraft:chainmail_chestplate":2,"minecraft:cobblestone_wall":1,"minecraft:gunpowder":25,"minecraft:cooked_mutton":1,"minecraft:red_carpet":33,"minecraft:iron_ingot":191,"iceandfire:fire_dragon_flesh":35,"minecraft:tropical_fish_bucket":1,"epicsamurai:onyx":6,"projectvibrantjourneys:light_brown_bark_mushroom":35,"minecraft:emerald_block":1,"minecraft:stone_brick_slab":2,"iceandfire:ash":1,"minecraft:quartz":100,"minecraft:dandelion":6,"minecraft:amethyst_shard":10,"minecraft:red_banner":4,"minecraft:spruce_door":9,"gamma_beasts:spruce_leaf":8,"minecraft:pumpkin_seeds":9,"soul_like_armors_reworked:dark_knight_chestplate":1,"minecraft:chainmail_leggings":3,"minecraft:cherry_sapling":12,"minecraft:terracotta":1,"soul_like_armors_reworked:rustysteel_leggings":2,"minecraft:dark_oak_wood":6,"variantvanillablocks:birch_chest":4,"minecraft:sunflower":4,"gamma_beasts:thin_oak_log":23,"minecraft:iron_chestplate":4,"minecraft:chainmail_boots":2,"minecraft:flower_pot":5,"minecraft:diamond_sword":3,"minecraft:oak_stairs":8,"minecraft:brown_bed":1,"minecraft:wither_rose":1,"minecraft:brewing_stand":1,"minecraft:golden_sword":1,"minecraft:amethyst_block":22,"minecraft:dark_oak_trapdoor":4,"born_in_chaos_v1:mesh_door":1,"minecraft:beetroot":103,"minecraft:gold_nugget":1179,"minecraft:cobbled_deepslate":1302,"born_in_chaos_v1:charmof_power":1,"minecraft:spruce_planks":3,"undergarden:wigglewood_sapling":2,"minecraft:written_book":3,"minecraft:coal_block":36,"hangglider:hang_glider":4,"minecraft:melon_slice":287,"farmersdelight:ratatouille":7,"minecraft:mangrove_log":1,"gamma_beasts:strawberry":3,"minecraft:beehive":2,"minecraft:composter":1,"luphieclutteredmod:luphie_darkwood_cabinet":2,"projectvibrantjourneys:dark_oak_hollow_log":3,"born_in_chaos_v1:pileof_dark_metal":1,"iceandfire:lightning_dragon_flesh":5,"minecraft:cherry_log":48,"minecraft:deepslate_tile_stairs":4,"cataclysm:amethyst_crab_shell":8,"minecraft:light_gray_bed":2,"minecraft:tropical_fish":1,"iceandfire:deathworm_chitin_yellow":59,"minecraft:iron_block":5,"iceandfire:fire_dragon_heart":9,"gamma_beasts:coal_nugget":251,"minecraft:birch_log":208,"born_in_chaos_v1:staffof_magic_arrows":1,"gamma_beasts:pear":6,"minecraft:iron_door":3,"minecraft:birch_slab":17,"uniquedungeons:climbing_hook_item":7,"undergarden:deepsoil":2,"minecraft:gray_concrete":13,"minecraft:cherry_door":1,"born_in_chaos_v1:skullbreaker_hammer":6,"soul_like_armors_reworked:rustysteel_boots":3,"minecraft:glowstone_dust":34,"minecraft:moss_block":263,"luphieclutteredmod:luphie_wine_bottle_rack":8,"twilightforest:canopy_log":69,"minecraft:dark_oak_log":1,"iceandfire:myrmex_stinger":1,"minecraft:barrel":10,"epicsamurai:straw_hat":1,"minecraft:quartz_bricks":28,"alexsmobs:kangaroo_hide":1,"minecraft:green_concrete":64,"minecraft:writable_book":1,"weapons_deluxe:rawplatinum":5,"minecraft:chainmail_helmet":2,"iceandfire:dragonbone_bow":1,"minecraft:bread":39,"alexsmobs:maggot":11,"minecraft:dark_oak_fence":41,"minecraft:crafting_table":1,"iceandfire:witherbone":11,"bloodandmadness:twin_blood_stone_shards":3,"ecologics:seashell":1,"gravestone:obituary":43,"epicfight:stray_pants":2,"iceandfire:frozen_splinters":34,"epicfight:stray_hat":2,"iceandfire:bestiary":2,"minecraft:beef":45,"born_in_chaos_v1:gnawed_bones":2,"minecraft:chest":26,"minecraft:quartz_stairs":2,"iceandfire:dragonscales_electric":18,"minecraft:egg":70,"minecraft:sandstone":797,"minecraft:glow_item_frame":1,"minecraft:spruce_fence":2,"minecraft:cake":1,"minecraft:carrot":382,"minecraft:redstone":68,"minecraft:blue_carpet":6,"twilightforest:firefly":2,"minecraft:polished_granite_stairs":2,"minecraft:peony":33,"minecraft:beetroot_seeds":273,"iceandfire:dragonscales_silver":28,"minecraft:deepslate_bricks":8,"minecraft:gold_ingot":17,"minecraft:glow_berries":1,"minecraft:white_wool":103,"minecraft:smooth_red_sandstone_stairs":1,"projectvibrantjourneys:icicle":10,"alexsmobs:acacia_blossom":5,"soul_like_armors_reworked:darkknighttrident":3,"minecraft:red_mushroom":4,"minecraft:brown_concrete":179,"minecraft:oak_log":272,"iceandfire:dragonscales_blue":27,"minecraft:white_banner":6,"minecraft:stone_bricks":4,"minecraft:cobweb":4,"minecraft:glass_bottle":1,"minecraft:iron_sword":1,"minecraft:flowering_azalea":3,"elevatorid:elevator_white":2,"epicfight:stone_greatsword":1,"born_in_chaos_v1:ethereal_spirit":17,"minecraft:spyglass":2,"minecraft:gravel":2,"minecraft:birch_stairs":20,"minecraft:spruce_sapling":188,"minecraft:spruce_log":476,"iceandfire:dragonscales_copper":22,"travelersbackpack:wolf":34,"minecraft:polished_diorite":6,"minecraft:stone_axe":1,"minecraft:warped_roots":1,"minecraft:melon_seeds":9,"minecraft:stripped_dark_oak_log":1,"minecraft:mangrove_propagule":2,"minecraft:ender_pearl":13,"iceandfire:deathworm_egg":1,"minecraft:wheat":131,"minecraft:iron_trapdoor":1,"minecraft:redstone_block":7,"iceandfire:armor_silver_metal_chestplate":1,"soul_like_armors_reworked:rustysteel_chestplate":3,"cfm:birch_chair":2,"minecraft:raw_copper":272,"minecraft:smooth_stone_slab":2,"minecraft:iron_leggings":6,"minecraft:armor_stand":27,"minecraft:oak_sign":3,"minecraft:deepslate_tiles":6,"farmersdelight:cabbage":24,"minecraft:redstone_torch":15,"uniquedungeons:antique_pebble":2,"minecraft:calcite":2,"farmersdelight:cabbage_seeds":64,"minecraft:iron_boots":2,"minecraft:furnace":2,"minecraft:stick":265,"minecraft:oak_fence":3,"born_in_chaos_v1:phantom_powder":3,"minecraft:torch":186,"iceandfire:dragonscales_white":109,"oresabovediamonds:amethyst_sword":1,"minecraft:porkchop":28,"gamma_beasts:fried_egg":2,"minecraft:dried_kelp":1,"minecraft:pointed_dripstone":3,"born_in_chaos_v1:nightmare_claw":2,"minecraft:cactus":11,"cataclysm:amethyst_crab_meat":13,"iceandfire:myrmex_desert_chitin":5,"bloodandmadness:blood_stone_shard":11,"gamma_beasts:almandine_cobblestone":3,"minecraft:magma_cream":2,"projectvibrantjourneys:fallen_leaves":19,"minecraft:chiseled_quartz_block":151,"minecraft:tuff":6,"supplementaries:flax_seeds":4,"projectvibrantjourneys:rocks":1,"minecraft:lapis_lazuli":312,"born_in_chaos_v1:monster_skin":17,"minecraft:raw_gold":146,"wom:diamond_legbottomseal":1,"minecraft:oak_planks":3,"minecraft:mossy_stone_brick_stairs":1,"minecraft:ghast_tear":2,"minecraft:cooked_porkchop":76,"minecraft:music_disc_13":1,"minecraft:sand":1531,"minecraft:cyan_bed":4,"iceandfire:podium_dark_oak":3,"twilightforest:mossy_etched_nagastone":1,"minecraft:light_gray_concrete":20,"minecraft:diamond":118,"minecraft:spruce_boat":2,"minecraft:oak_sapling":110,"minecraft:charcoal":1,"minecraft:allium":8,"minecraft:chicken":12,"minecraft:turtle_helmet":1,"minecraft:gold_block":10,"soul_like_armors_reworked:darkknightsword":20,"minecraft:iron_axe":5,"mcdw:bow_love_spell_bow":1,"minecraft:item_frame":15,"minecraft:cyan_carpet":2,"minecraft:candle":4,"minecraft:detector_rail":1,"minecraft:sugar_cane":204,"minecraft:dark_oak_sapling":6,"minecraft:raw_iron":592,"iceandfire:dragonbone":490,"iceandfire:dragonscales_green":40,"projectvibrantjourneys:bark_mushroom":29,"twilightforest:twilight_oak_chest":2,"minecraft:copper_ingot":8,"minecraft:bowl":9,"twilightforest:canopy_fence":9,"soul_like_armors_reworked:rustysteel_helmet":2,"alexsmobs:crocodile_scute":3,"minecraft:dark_oak_planks":16,"cfm:spruce_upgraded_fence":1,"soul_like_armors_reworked:estusflask":237,"minecraft:arrow":80,"alexscaves:spelunkery_table":1,"bloodandmadness:sanguisteel_nugget":13,"the_pillager_legion_:legion_armor_boots":3,"born_in_chaos_v1:trident_hayfork":1,"born_in_chaos_v1:fused_bone":9,"minecraft:air":0,"minecraft:glow_ink_sac":31,"minecraft:salmon":1,"minecraft:cut_sandstone":2,"minecraft:birch_planks":68,"ring_of_teleport:ring_of_teleport":4,"gamma_beasts:green_apple":50,"minecraft:nether_wart_block":1,"iceandfire:ectoplasm":2,"minecraft:cobblestone_stairs":10,"minecraft:wooden_hoe":1,"soul_like_armors_reworked:rustyshield":7,"the_pillager_legion_:legion_deep":2,"minecraft:acacia_sapling":14,"minecraft:soul_sand":1,"minecraft:book":133,"minecraft:oak_slab":6,"minecraft:scaffolding":1,"mcwbridges:acacia_log_bridge_middle":1,"minecraft:pumpkin":66,"born_in_chaos_v1:death_totem":1,"minecraft:birch_boat":11,"minecraft:pitcher_plant":2,"minecraft:dripstone_block":51,"born_in_chaos_v1:dark_rod":2,"minecraft:blast_furnace":2,"minecraft:white_bed":5,"minecraft:mossy_stone_brick_slab":3,"minecraft:spider_eye":11,"xpbook:xp_tome":2,"minecraft:iron_helmet":5,"minecraft:acacia_slab":19,"minecraft:coal":607},"minecraft:killed":{"born_in_chaos_v1:mr_pumpkin":3,"born_in_chaos_v1:zombie_lumberjack":6,"born_in_chaos_v1:skeleton_demoman":1,"minecraft:cod":1,"alexscaves:underzealot":1,"bloodandmadness:beast_patient":20,"iceandfire:myrmex_worker":2,"born_in_chaos_v1:bone_imp":1,"minecraft:pillager":51,"minecraft:zombie":176,"iceandfire:lightning_dragon":3,"iceandfire:sea_serpent":1,"bloodandmadness:cloaked_beast_patient":6,"minecraft:vindicator":26,"luminous_nether:piglin_ghost":17,"twilightforest:death_tome":20,"minecraft:husk":55,"twilightforest:kobold":2,"alexsmobs:crocodile":2,"iceandfire:ghost":1,"iceandfire:ice_dragon":10,"born_in_chaos_v1:controlled_baby_skeleton":1,"minecraft:witch":6,"minecraft:spider":30,"cataclysm:amethyst_crab":2,"gamma_beasts:banndu_a":1,"minecraft:bee":1,"minecraft:silverfish":4,"minecraft:piglin_brute":4,"born_in_chaos_v1:firelight_not_despawn":1,"minecraft:piglin":2,"bloodandmadness:silverbeast":2,"born_in_chaos_v1:bonescaller":3,"alexsmobs:grizzly_bear":4,"minecraft:zombie_villager":14,"born_in_chaos_v1:glutton_fish":1,"alexsmobs:stradpole":1,"minecraft:sheep":5,"minecraft:trader_llama":2,"minecraft:ghast":1,"iceandfire:pixie":2,"born_in_chaos_v1:siamese_skeletonsleft":1,"minecraft:vex":2,"minecraft:slime":11,"born_in_chaos_v1:zombie_bruiser":7,"luminous_nether:piglin_cultist_leader":1,"minecraft:drowned":2,"born_in_chaos_v1:corpse_fish":2,"iceandfire:deathworm":22,"born_in_chaos_v1:baby_skeleton":7,"born_in_chaos_v1:spirit_guide_assistant":3,"the_pillager_legion_:veteran_infantryman_tpl":10,"born_in_chaos_v1:decaying_zombie":5,"iceandfire:myrmex_soldier":1,"luminous_nether:piglin_cultist":1,"minecraft:wither_skeleton":27,"minecraft:player":1,"minecraft:villager":1,"minecraft:cave_spider":16,"born_in_chaos_v1:restless_spirit":5,"epicsamurai:kawauso":1,"iceandfire:stymphalian_bird":3,"born_in_chaos_v1:siamese_skeletonsright":1,"creeperoverhaul:dripstone_creeper":1,"born_in_chaos_v1:baby_skeleton_minion":17,"minecraft:skeleton":127,"alexsmobs:laviathan":1,"born_in_chaos_v1:supreme_bonescaller_stage_2":1,"minecraft:cat":1,"minecraft:magma_cube":31,"farlanders:rebel":4,"born_in_chaos_v1:dread_hound_not_despawn":5,"creeperoverhaul:desert_creeper":3,"born_in_chaos_v1:corpse_fly":15,"born_in_chaos_v1:door_knight":7,"minecraft:cow":20,"faded_conquest_2:blocknight_paladin":8,"minecraft:zoglin":1,"minecraft:horse":8,"faded_conquest_2:blocknight_servant":1,"alexsmobs:tusklin":1,"farlanders:classic_enderman":2,"born_in_chaos_v1:spirit_guide":1,"alexsmobs:guster":5,"born_in_chaos_v1:bone_imp_minion":15,"endermanoverhaul:snowy_enderman":1,"epicsamurai:akaname":3,"minecraft:wandering_trader":2,"born_in_chaos_v1:decrepit_skeleton":24,"luminous_nether:mushlin_bumper":9,"alexsmobs:catfish":1,"born_in_chaos_v1:dark_vortex":2,"the_pillager_legion_:infantryman_tpl":42,"minecraft:enderman":6,"born_in_chaos_v1:zombie_clown":3,"pots_and_mimics:pot_crab":4,"faded_conquest_2:terrible_ten":1,"born_in_chaos_v1:scarlet_persecutor":10,"luminous_nether:ghost":1,"minecraft:illusioner":6,"alexsmobs:kangaroo":1,"minecraft:pig":4,"minecraft:creeper":27,"born_in_chaos_v1:dread_hound":15,"creeperoverhaul:swamp_creeper":1,"the_pillager_legion_:heavy_infantryman_tpl":3,"minecraft:stray":11,"alexsmobs:fly":8,"luminous_nether:cultist_archer":2,"minecraft:blaze":28,"bloodandmadness:church_doctor":13,"born_in_chaos_v1:missioner":1,"alexsmobs:tarantula_hawk":1,"born_in_chaos_v1:zombie_clown_not_despawn":1,"born_in_chaos_v1:maggot":90,"iceandfire:fire_dragon":8,"farlanders:mystic_enderminion":3,"bloodandmadness:huntsman_axe":22,"bloodandmadness:church_doctor_scythe":1,"alexsmobs:soul_vulture":1,"born_in_chaos_v1:fallen_chaos_knight":3,"born_in_chaos_v1:felsteed":1,"farlanders:looter":6,"iceandfire:troll":1,"luminous_nether:piglin_executioner":1,"pots_and_mimics:poison_pot_crab":1,"born_in_chaos_v1:bonescaller_not_despawn":2,"born_in_chaos_v1:nightmare_stalker":2,"faded_conquest_2:puny_juggernaut":1},"minecraft:killed_by":{"the_pillager_legion_:infantryman_tpl":1,"gamma_beasts:banndu_a":1,"minecraft:zombie":11,"born_in_chaos_v1:scarlet_persecutor":1,"creeperoverhaul:spruce_creeper":1,"iceandfire:cyclops":2,"born_in_chaos_v1:supreme_bonescaller_stage_2":1,"iceandfire:fire_dragon":11,"born_in_chaos_v1:bloody_gadfly":1,"minecraft:piglin_brute":2,"twilightforest:death_tome":1,"alexsmobs:grizzly_bear":2,"minecraft:vex":1,"minecraft:husk":14,"minecraft:stray":1,"minecraft:wither_skeleton":2,"born_in_chaos_v1:corpse_fly":1,"iceandfire:sea_serpent":1,"the_pillager_legion_:veteran_infantryman_tpl":1,"iceandfire:ice_dragon":21,"farlanders:looter":1,"minecraft:player":4,"minecraft:spider":2},"minecraft:crafted":{"minecraft:birch_boat":5,"epicsamurai:iron_samurai_helmet":2,"iceandfire:deathworm_red_leggings":1,"iceandfire:armor_copper_metal_chestplate":1,"gamma_beasts:prehnite_armor_helmet":2,"iceandfire:deathworm_yellow_helmet":1,"minecraft:black_wool":2,"minecraft:golden_axe":1,"gamma_beasts:prehnite_armor_boots":1,"minecraft:acacia_slab":264,"iceandfire:armor_red_chestplate":1,"minecraft:polished_deepslate_slab":12,"iceandfire:armor_gray_chestplate":1,"minecraft:golden_leggings":1,"iceandfire:armor_white_helmet":1,"gamma_beasts:prehnite_armor_leggings":1,"iceandfire:deathworm_red_helmet":1,"minecraft:iron_pickaxe":16,"minecraft:acacia_door":3,"minecraft:composter":3,"mcwbridges:acacia_log_bridge_middle":120,"hangglider:glider_framework":2,"epicsamurai:iron_samurai_chestplate":2,"minecraft:spruce_fence":30,"epicsamurai:iron_samurai_leggings":2,"iceandfire:armor_copper_metal_helmet":1,"minecraft:stone_pickaxe":7,"minecraft:spruce_boat":1,"variantvanillablocks:birch_bookshelf":26,"minecraft:enchanting_table":1,"minecraft:leather_helmet":1,"minecraft:acacia_stairs":12,"minecraft:deepslate_tiles":1,"iceandfire:armor_red_helmet":1,"minecraft:oak_fence_gate":2,"iceandfire:armor_white_leggings":1,"minecraft:birch_trapdoor":8,"epicsamurai:gold_ninja_helmet":1,"minecraft:iron_shovel":4,"minecraft:armor_stand":2,"mcda:emerald_gear_leggings":1,"iceandfire:armor_electric_chestplate":1,"iceandfire:deathworm_yellow_chestplate":1,"minecraft:barrel":2,"iceandfire:armor_sapphire_chestplate":1,"mcda:emerald_gear_chestplate":1,"minecraft:stone":7,"iceandfire:armor_electric_leggings":1,"gamma_beasts:prehnite_armor_chestplate":1,"iceandfire:armor_copper_metal_boots":1,"minecraft:chest":2,"iceandfire:armor_blue_boots":1,"minecraft:oak_fence":27,"epicsamurai:diamond_ninja_chestplate":1,"minecraft:golden_boots":1,"iceandfire:armor_sapphire_helmet":1,"corail_woodcutter:jungle_woodcutter":3,"minecraft:iron_helmet":2,"minecraft:red_wool":13,"epicsamurai:gold_ninja_chestplate":1,"minecraft:spruce_trapdoor":2,"travelersbackpack:wolf":4,"minecraft:yellow_dye":1,"iceandfire:armor_blue_leggings":1,"minecraft:pink_wool":8,"minecraft:stick":284,"minecraft:iron_ingot":93,"iceandfire:armor_bronze_helmet":1,"iceandfire:deathworm_yellow_boots":1,"cfm:red_sofa":4,"minecraft:leather_boots":1,"minecraft:golden_chestplate":1,"cfm:birch_chair":4,"minecraft:furnace":2,"minecraft:piston":12,"minecraft:flint_and_steel":1,"minecraft:cobblestone_wall":19,"iceandfire:armor_red_boots":1,"iceandfire:armor_electric_helmet":1,"elevatorid:elevator_white":2,"twilightforest:canopy_fence_gate":4,"travelersbackpack:backpack_tank":2,"epicsamurai:diamond_ninja_helmet":1,"variantvanillablocks:birch_chest":20,"minecraft:blue_wool":5,"minecraft:anvil":1,"minecraft:torch":436,"minecraft:diamond_chestplate":1,"minecraft:smooth_stone":4,"epicsamurai:silver_ingot":132,"globalxp:xp_block":2,"minecraft:birch_slab":132,"minecraft:iron_bars":32,"minecraft:glass":315,"iceandfire:armor_silver_metal_chestplate":1,"minecraft:diamond_leggings":1,"minecraft:melon_seeds":10,"minecraft:acacia_fence":93,"iceandfire:armor_gray_boots":1,"travelersbackpack:standard":1,"cfm:birch_coffee_table":4,"minecraft:spruce_door":3,"minecraft:copper_ingot":45,"gamma_beasts:fried_egg":5,"iceandfire:armor_white_chestplate":1,"minecraft:iron_block":2,"minecraft:gold_ingot":99,"iceandfire:armor_sapphire_boots":1,"minecraft:birch_stairs":68,"epicsamurai:gold_ninja_boots":1,"minecraft:stone_shovel":8,"minecraft:smooth_stone_slab":6,"minecraft:leather_leggings":1,"minecraft:polished_deepslate_stairs":4,"iceandfire:armor_copper_metal_leggings":1,"minecraft:bone_meal":159,"hangglider:glider_wing":4,"minecraft:white_carpet":6,"travelersbackpack:white_sleeping_bag":1,"minecraft:ladder":45,"minecraft:spruce_slab":414,"farmersdelight:rice":57,"twilightforest:canopy_planks":16,"iceandfire:armor_silver_metal_boots":1,"minecraft:golden_helmet":1,"iceandfire:podium_spruce":13,"minecraft:wheat":189,"mcda:emerald_gear_boots":1,"variantvanillablocks:acacia_smoker":1,"epicsamurai:cloth":60,"minecraft:golden_apple":8,"minecraft:wooden_axe":1,"minecraft:oak_stairs":208,"minecraft:deepslate_tile_stairs":5,"minecraft:iron_leggings":5,"iceandfire:armor_bronze_leggings":1,"epicsamurai:iron_samurai_boots":2,"minecraft:oak_planks":454,"epicsamurai:diamond_ninja_boots":1,"iceandfire:armor_blue_helmet":1,"hangglider:hang_glider":2,"minecraft:mossy_stone_brick_slab":4,"iceandfire:lectern":1,"minecraft:cobblestone_stairs":30,"minecraft:hopper":16,"minecraft:iron_boots":6,"iceandfire:armor_silver_metal_leggings":1,"iceandfire:armor_gray_helmet":1,"minecraft:stone_hoe":1,"twilightforest:canopy_fence":21,"iceandfire:deathworm_red_boots":1,"ring_of_teleport:ring_of_teleport":6,"minecraft:oak_slab":150,"minecraft:crafting_table":2,"minecraft:spruce_planks":524,"minecraft:baked_potato":17,"iceandfire:armor_white_boots":1,"minecraft:gold_block":7,"minecraft:birch_planks":748,"minecraft:pumpkin_seeds":16,"farmersdelight:fried_egg":11,"minecraft:iron_chestplate":6,"minecraft:diamond_pickaxe":1,"minecraft:birch_fence":36,"mcda:emerald_gear_helmet":1,"epicsamurai:ninja_leggings":2,"minecraft:shears":1,"minecraft:redstone":18,"iceandfire:armor_gray_leggings":1,"iceandfire:armor_blue_chestplate":1,"cfm:yellow_grill":1,"cfm:blue_sofa":2,"iceandfire:armor_electric_boots":1,"minecraft:glass_pane":192,"iceandfire:armor_sapphire_leggings":1,"iceandfire:deathworm_yellow_leggings":1,"variantvanillablocks:spruce_chest":4,"variantvanillablocks:acacia_chest":6,"minecraft:iron_axe":3,"magistuarmory:steel_ingot":64,"iceandfire:armor_red_leggings":1,"iceandfire:armor_bronze_chestplate":1,"revampedpiles:cobblestone_roof":12,"iceandfire:deathworm_red_chestplate":1,"minecraft:cooked_beef":3,"minecraft:sugar":64,"minecraft:red_dye":40,"iceandfire:armor_bronze_boots":1,"minecraft:bucket":6,"minecraft:stone_axe":2,"minecraft:air":0,"minecraft:bread":30,"minecraft:blue_dye":5,"minecraft:acacia_planks":372},"minecraft:broken":{"minecraft:wooden_shovel":1,"minecraft:iron_leggings":3,"iceandfire:armor_silver_metal_helmet":1,"minecraft:iron_pickaxe":22,"epicsamurai:iron_samurai_boots":1,"minecraft:iron_shovel":5,"iceandfire:armor_white_helmet":1,"minecraft:stone_pickaxe":6,"minecraft:stone_axe":1,"minecraft:stone_shovel":5,"iceandfire:armor_white_boots":1,"minecraft:iron_boots":3,"minecraft:iron_chestplate":2,"iceandfire:armor_silver_metal_leggings":1,"minecraft:iron_axe":3,"minecraft:iron_helmet":4,"epicsamurai:iron_samurai_helmet":1,"iceandfire:armor_silver_metal_boots":1,"minecraft:golden_axe":2,"minecraft:golden_pickaxe":1},"minecraft:dropped":{"minecraft:porkchop":5,"bloodandmadness:weapons/lit_torch":1,"wom:diamond_legbottomseal":1,"minecraft:glass_bottle":3,"minecraft:diamond":13,"minecraft:cooked_porkchop":64,"soul_like_armors_reworked:rustysteelmace":1,"minecraft:warped_roots":1,"iceandfire:ectoplasm":2,"soul_like_armors_reworked:dark_knight_boots":3,"born_in_chaos_v1:pieceofdarkmetal":1,"born_in_chaos_v1:nightmare_claw":1,"projectvibrantjourneys:orange_bark_mushroom":10,"minecraft:dark_oak_fence":1,"minecraft:dark_oak_trapdoor":1,"minecraft:sand":152,"minecraft:birch_stairs":6,"minecraft:stone_axe":2,"minecraft:cobbled_deepslate":1,"minecraft:wheat":1,"soul_like_armors_reworked:rustysteel_helmet":1,"minecraft:stripped_dark_oak_log":1,"minecraft:rotten_flesh":105,"minecraft:glowstone_dust":2,"minecraft:azure_bluet":1,"minecraft:acacia_sapling":2,"minecraft:leather_leggings":1,"minecraft:painting":3,"minecraft:glass":16,"minecraft:stone_brick_stairs":1,"born_in_chaos_v1:marigolds":2,"minecraft:brown_concrete":1,"born_in_chaos_v1:shattered_skull":2,"minecraft:wheat_seeds":82,"minecraft:smooth_quartz_stairs":10,"minecraft:dripstone_block":51,"minecraft:book":2,"minecraft:chicken_spawn_egg":1,"soul_like_armors_reworked:rustysteel_boots":1,"travelersbackpack:wolf":2,"born_in_chaos_v1:gnawed_bones":1,"twilightforest:darkwood_sapling":1,"soul_like_armors_reworked:dark_knight_leggings":1,"minecraft:chainmail_leggings":2,"minecraft:lily_pad":18,"bloodandmadness:weapons/hunting_axe":1,"minecraft:stone_shovel":1,"minecraft:experience_bottle":4,"minecraft:white_carpet":27,"minecraft:clay_ball":5,"minecraft:iron_boots":2,"minecraft:name_tag":2,"minecraft:oak_sign":1,"minecraft:diamond_sword":2,"minecraft:spruce_boat":1,"projectvibrantjourneys:dark_oak_hollow_log":1,"minecraft:flower_pot":1,"soul_like_armors_reworked:darkknightsword":19,"iceandfire:frozen_splinters":34,"bloodandmadness:sanguisteel_nugget":2,"minecraft:peony":33,"minecraft:diamond_pickaxe":3,"mcdw:double_axe_whirlwind":1,"soul_like_armors_reworked:rustysteel_chestplate":2,"minecraft:redstone_torch":7,"mcdw:bow_love_spell_bow":1,"knightquest:small_essence":1,"minecraft:bow":8,"bloodandmadness:blood_stone_shard":4,"iceandfire:dragon_skull_lightning":2,"epicfight:skillbook":12,"minecraft:terracotta":1,"minecraft:soul_sand":1,"minecraft:moss_block":133,"gamma_beasts:dark_oak_leaf":1,"minecraft:oak_log":5,"minecraft:dark_oak_sapling":1,"soul_like_armors_reworked:estusflask":27,"iceandfire:ice_dragon_flesh":1,"ecologics:walnut_sapling":1,"minecraft:leather":2,"gamma_beasts:birch_leaf":2,"travelersbackpack:standard":2,"minecraft:cobblestone_stairs":1,"twilightforest:sorting_sapling":1,"born_in_chaos_v1:monster_skin":3,"projectvibrantjourneys:fallen_leaves":10,"minecraft:snowball":16,"gravestone:obituary":85,"epicfight:stray_robe":1,"projectvibrantjourneys:bark_mushroom":23,"minecraft:gold_ingot":2,"minecraft:spyglass":1,"oresabovediamonds:amethyst_sword":2,"minecraft:smooth_sandstone_stairs":2,"minecraft:pointed_dripstone":1,"minecraft:beetroot":1,"travelersbackpack:pig":4,"alexsmobs:kangaroo_hide":1,"minecraft:leather_chestplate":3,"minecraft:beetroot_seeds":1,"minecraft:acacia_slab":3,"minecraft:iron_bars":1,"minecraft:smooth_red_sandstone_stairs":1,"soul_like_armors_reworked:blackkatana":1,"minecraft:scaffolding":1,"twilightforest:nagastone_pillar":5,"epicsamurai:iron_samurai_chestplate":1,"uniquedungeons:climbing_hook_item":3,"minecraft:bread":28,"gamma_beasts:strawberry":1,"undergarden:wigglewood_sapling":1,"minecraft:cherry_log":16,"minecraft:lilac":26,"twilightforest:nagastone_head":2,"bloodandmadness:twin_blood_stone_shards":1,"soul_like_armors_reworked:rustysteel_leggings":1,"minecraft:amethyst_block":7,"minecraft:tropical_fish":1,"minecraft:parrot_spawn_egg":1,"twilightforest:canopy_log":63,"twilightforest:canopy_fence":1,"minecraft:spruce_fence_gate":1,"minecraft:iron_block":1,"minecraft:iron_door":1,"iceandfire:armor_silver_metal_chestplate":2,"farmersdelight:bacon":2,"minecraft:polished_andesite_stairs":3,"farmersdelight:cabbage_seeds":9,"minecraft:comparator":1,"gamma_beasts:green_apple":4,"minecraft:flint_and_steel":1,"minecraft:andesite":15,"epicsamurai:iron_samurai_leggings":1,"minecraft:spruce_log":64,"twilightforest:nagastone":13,"minecraft:cooked_beef":1,"minecraft:glow_item_frame":1,"minecraft:cherry_hanging_sign":1,"xpbook:xp_tome":1,"minecraft:item_frame":9,"minecraft:red_carpet":1,"born_in_chaos_v1:monster_flesh":3,"minecraft:dirt":216,"minecraft:grass":6,"minecraft:yellow_dye":2,"cfm:blue_sofa":2,"minecraft:jungle_sapling":3,"iceandfire:spawn_egg_hippocampus":1,"minecraft:bone_meal":109,"minecraft:sunflower":4,"minecraft:iron_pickaxe":7,"iceandfire:dragonbone_pickaxe":1,"minecraft:bone":87,"minecraft:detector_rail":1,"alexsmobs:animal_dictionary":5,"twilightforest:mangrove_sapling":1,"minecraft:light_gray_carpet":2,"supplementaries:flax_seeds":2,"twilightforest:cracked_nagastone_pillar":2,"soul_like_armors_reworked:dark_knight_helmet":1,"variantvanillablocks:acacia_smoker":1,"minecraft:ladder":3,"epicsamurai:akaname_tongue":2,"minecraft:spruce_slab":1,"projectvibrantjourneys:cattail":14,"uniquedungeons:crystal_shard":2,"minecraft:egg":12,"farmersdelight:tomato_seeds":6,"born_in_chaos_v1:intoxicating_decoction":2,"twilightforest:canopy_sapling":25,"minecraft:feather":5,"minecraft:iron_helmet":5,"minecraft:cobblestone":70,"minecraft:apple":1,"twilightforest:etched_nagastone":1,"minecraft:chainmail_helmet":2,"minecraft:polished_andesite":2,"minecraft:rose_bush":1,"minecraft:dried_kelp":1,"twilightforest:canopy_planks":4,"weapons_deluxe:rubigem":9,"minecraft:iron_shovel":2,"minecraft:paper":2,"minecraft:string":20,"iceandfire:dragon_skull_fire":1,"minecraft:spruce_sapling":45,"minecraft:pink_tulip":11,"minecraft:moss_carpet":83,"alexsmobs:acacia_blossom":2,"minecraft:pitcher_plant":2,"minecraft:stone_sword":3,"minecraft:diamond_hoe":3,"minecraft:chicken":8,"iceandfire:dragon_skull_ice":1,"minecraft:nether_bricks":8,"minecraft:spruce_fence":1,"minecraft:pumpkin_seeds":1,"minecraft:potato":1,"minecraft:polished_granite_stairs":2,"minecraft:cobblestone_slab":1,"minecraft:stone":3,"mcdw:bow_winters_touch":4,"minecraft:spider_eye":5,"minecraft:birch_boat":2,"minecraft:blue_orchid":11,"farmersdelight:tomato":2,"simplyswords:iron_claymore":3,"the_pillager_legion_:legion_flaming_sword":1,"minecraft:brown_mushroom":48,"minecraft:dark_oak_stairs":4,"minecraft:baked_potato":16,"iceandfire:fire_dragon_flesh":3,"twilightforest:naga_scale":5,"bloodandmadness:beastblood_clump":2,"minecraft:cornflower":41,"iceandfire:armor_silver_metal_leggings":1,"ring_of_teleport:ring_of_teleport":8,"minecraft:gravel":2,"hangglider:hang_glider":5,"minecraft:cherry_sapling":11,"minecraft:beehive":2,"minecraft:carrot":3,"minecraft:poppy":4,"soul_like_armors_reworked:rustyshield":4,"projectvibrantjourneys:light_brown_bark_mushroom":12,"supplementaries:ash":8,"minecraft:gunpowder":1,"minecraft:skeleton_skull":1,"born_in_chaos_v1:corpse_maggot":13,"soul_like_armors_reworked:dagger":2,"minecraft:azalea":10,"minecraft:chainmail_boots":2,"uniquedungeons:antique_pebble":1,"minecraft:basalt":2,"minecraft:arrow":62,"iceandfire:deathworm_chitin_yellow":12,"born_in_chaos_v1:skullbreaker_hammer":4,"minecraft:written_book":2,"minecraft:netherrack":1,"minecraft:water_bucket":3,"minecraft:oak_slab":2,"gamma_beasts:oak_leaf":6,"gamma_beasts:coal_nugget":25,"minecraft:lead":2,"minecraft:copper_ingot":16,"minecraft:stick":8,"minecraft:diorite":1,"minecraft:smooth_red_sandstone":3,"minecraft:torch":53,"gamma_beasts:spruce_leaf":8,"minecraft:smooth_quartz":2,"minecraft:iron_leggings":4,"minecraft:wither_rose":5,"minecraft:flowering_azalea":2,"minecraft:iron_axe":4,"minecraft:pink_petals":3,"minecraft:bucket":2,"farmersdelight:rich_soil":6,"minecraft:dandelion":1,"minecraft:redstone":35,"alexsmobs:maggot":4,"minecraft:blaze_rod":10,"minecraft:composter":1,"iceandfire:witherbone":2,"alexsmobs:komodo_spit":1,"soul_like_armors_reworked:darkknighttrident":2,"iceandfire:rotten_egg":2,"minecraft:iron_chestplate":6,"minecraft:cake":2,"minecraft:mossy_stone_bricks":3,"iceandfire:dragonbone_bow":1,"minecraft:slime_ball":9,"minecraft:stone_pickaxe":1}},"DataVersion":3465}