{"stats":{"minecraft:killed":{"born_in_chaos_v1:skeleton_demoman":1,"minecraft:skeleton":3,"minecraft:zombie":1,"bloodandmadness:huntsman_axe":1},"minecraft:picked_up":{"minecraft:sponge":1,"swem:timothy_seeds":1,"minecraft:lilac":1,"projectvibrantjourneys:fallen_leaves":2,"minecraft:smithing_table":1,"minecraft:brown_bed":1,"minecraft:oak_log":24,"minecraft:lantern":2,"minecraft:armor_stand":4,"minecraft:bone":6,"minecraft:apple":1,"minecraft:oak_sign":1,"bloodandmadness:blood_vial":3,"minecraft:wheat_seeds":1,"minecraft:grindstone":1,"swem:oat_seeds":1,"bloodandmadness:weapons/lit_torch":1,"minecraft:stick":7,"minecraft:composter":1,"minecraft:acacia_log":1,"minecraft:blast_furnace":1,"born_in_chaos_v1:pieceofdarkmetal":1,"minecraft:dark_oak_log":1,"minecraft:arrow":2,"born_in_chaos_v1:wood_splitter_axe":1,"minecraft:iron_helmet":4,"minecraft:hay_block":30,"minecraft:pink_tulip":2,"gamma_beasts:coal_nugget":14,"projectvibrantjourneys:orange_bark_mushroom":1,"minecraft:oak_sapling":7,"minecraft:coal":31,"minecraft:cobblestone":9},"minecraft:dropped":{"minecraft:bread":8,"alexsmobs:animal_dictionary":1,"gamma_beasts:coal_nugget":14,"soulslikeuniverse:dagger":1,"soul_like_armors_reworked:estusflask":10,"minecraft:acacia_log":1,"minecraft:oak_sign":1,"soulslikeuniverse:presentchest":1,"minecraft:sponge":1,"projectvibrantjourneys:fallen_leaves":2,"soul_like_armors_reworked:dagger":1,"gravestone:obituary":1,"minecraft:pink_tulip":1},"minecraft:mined":{"minecraft:smithing_table":1,"projectvibrantjourneys:rocks":1,"gravestone:gravestone":2,"projectvibrantjourneys:twigs":1,"minecraft:blast_furnace":1,"minecraft:sponge":1,"minecraft:grindstone":1,"minecraft:composter":1,"minecraft:hay_block":30,"minecraft:fire":2,"minecraft:lilac":1,"minecraft:brown_bed":2,"minecraft:grass":2,"minecraft:oak_log":24,"minecraft:coal_ore":32,"projectvibrantjourneys:short_grass":1,"minecraft:oak_sign":1,"minecraft:stone":9,"minecraft:oak_leaves":1,"minecraft:tripwire":2},"minecraft:crafted":{"minecraft:oak_planks":28,"minecraft:wooden_pickaxe":1,"minecraft:baked_potato":7,"minecraft:stick":20,"minecraft:wooden_axe":1},"minecraft:used":{"epicfight:skillbook":1,"minecraft:wooden_pickaxe":45,"minecraft:spyglass":4,"minecraft:wooden_axe":27,"soul_like_armors_reworked:dagger":19,"bloodandmadness:weapons/lit_torch":2,"minecraft:bread":7,"soulslikeuniverse:estusflask":8,"minecraft:oak_sapling":4,"born_in_chaos_v1:wood_splitter_axe":4,"soulslikeuniverse:dagger":8,"minecraft:brown_bed":1},"minecraft:custom":{"minecraft:interact_with_furnace":4,"minecraft:mob_kills":7,"minecraft:interact_with_crafting_table":1,"minecraft:open_barrel":11,"minecraft:damage_dealt_resisted":97,"minecraft:leave_game":2,"minecraft:time_since_death":51122,"minecraft:sleep_in_bed":3,"minecraft:climb_one_cm":8498,"minecraft:time_since_rest":4985,"minecraft:sprint_one_cm":119451,"minecraft:damage_taken":1101,"minecraft:walk_one_cm":623436,"minecraft:drop":14,"minecraft:damage_dealt":1266,"minecraft:damage_dealt_absorbed":51,"minecraft:swim_one_cm":16946,"minecraft:fly_one_cm":66295,"minecraft:open_chest":25,"minecraft:crouch_one_cm":2372,"minecraft:play_time":52385,"minecraft:deaths":1,"minecraft:sneak_time":1266,"minecraft:walk_under_water_one_cm":8298,"minecraft:jump":552,"minecraft:walk_on_water_one_cm":22155,"minecraft:total_world_time":53311,"minecraft:fall_one_cm":6793},"minecraft:killed_by":{"minecraft:pillager":1}},"DataVersion":3465}