{"stats":{"minecraft:picked_up":{"minecraft:stick":1,"minecraft:crafting_table":1,"ecologics:coconut_slice":3,"ecologics:coconut_seedling":4,"minecraft:sand":1,"minecraft:oak_log":20,"minecraft:stone_button":1,"minecraft:barrel":2,"minecraft:bone":2,"minecraft:oak_sign":2,"ecologics:coconut_log":21,"minecraft:grindstone":1,"minecraft:iron_block":1,"projectvibrantjourneys:sandy_sprouts":2,"minecraft:moss_block":2,"minecraft:quartz_stairs":1,"minecraft:rail":10,"minecraft:white_wool":4,"minecraft:cobblestone":9,"ecologics:crab_claw":1},"minecraft:crafted":{"minecraft:crafting_table":1,"ecologics:coconut_planks":16,"minecraft:stick":8,"minecraft:wooden_pickaxe":1,"minecraft:iron_ingot":9,"minecraft:stone_pickaxe":2,"minecraft:stone_axe":1},"minecraft:mined":{"minecraft:quartz_stairs":1,"minecraft:barrel":2,"minecraft:crafting_table":1,"projectvibrantjourneys:rocks":1,"minecraft:oak_log":20,"projectvibrantjourneys:short_grass":1,"minecraft:sand":2,"ecologics:coconut_log":21,"minecraft:grindstone":1,"minecraft:stone":9,"minecraft:iron_block":1,"minecraft:moss_block":1,"minecraft:white_wool":4},"minecraft:custom":{"minecraft:time_since_rest":18001,"minecraft:sprint_one_cm":55979,"minecraft:damage_taken":200,"minecraft:walk_one_cm":230497,"minecraft:mob_kills":2,"minecraft:drop":3,"minecraft:damage_dealt":350,"minecraft:swim_one_cm":1972,"minecraft:interact_with_crafting_table":5,"minecraft:damage_dealt_absorbed":27,"minecraft:talked_to_villager":1,"minecraft:fly_one_cm":51543,"minecraft:open_barrel":2,"minecraft:open_chest":4,"minecraft:crouch_one_cm":735,"minecraft:play_time":18001,"minecraft:sneak_time":107,"minecraft:walk_under_water_one_cm":398,"minecraft:jump":284,"minecraft:climb_one_cm":1776,"minecraft:walk_on_water_one_cm":870,"minecraft:leave_game":1,"minecraft:time_since_death":18001,"minecraft:total_world_time":18182,"minecraft:fall_one_cm":4974},"minecraft:killed":{"minecraft:skeleton":1,"ecologics:coconut_crab":1},"minecraft:dropped":{"minecraft:moss_block":1,"projectvibrantjourneys:sandy_sprouts":1,"ecologics:coconut_husk":3},"minecraft:used":{"epicfight:skillbook":1,"soul_like_armors_reworked:dagger":2,"minecraft:stone_pickaxe":6,"minecraft:wooden_pickaxe":8,"soulslikeuniverse:estusflask":2,"minecraft:stone_axe":46,"ecologics:coconut_slice":3,"minecraft:crafting_table":1,"soulslikeuniverse:dagger":5}},"DataVersion":3465}