{"stats":{"minecraft:used":{"soulslikeuniverse:dagger":1,"soul_like_armors_reworked:estusflask":1},"minecraft:custom":{"minecraft:jump":104,"minecraft:time_since_rest":5421,"minecraft:damage_dealt":35,"minecraft:crouch_one_cm":12,"minecraft:sprint_one_cm":813,"minecraft:leave_game":1,"minecraft:play_time":5421,"minecraft:damage_taken":134,"minecraft:time_since_death":5421,"minecraft:walk_one_cm":62174,"minecraft:sneak_time":20,"minecraft:total_world_time":6861,"minecraft:damage_dealt_absorbed":2,"minecraft:fall_one_cm":2561,"minecraft:fly_one_cm":1019}},"DataVersion":3465}