{"stats":{"minecraft:killed":{"alexsmobs:fly":1},"minecraft:custom":{"minecraft:jump":55,"minecraft:time_since_rest":5045,"minecraft:damage_dealt":20,"minecraft:leave_game":1,"minecraft:play_time":5045,"minecraft:time_since_death":5045,"minecraft:walk_one_cm":63501,"minecraft:sneak_time":38,"minecraft:total_world_time":5830,"minecraft:mob_kills":1,"minecraft:damage_dealt_absorbed":1,"minecraft:fly_one_cm":1328},"minecraft:used":{"epicfight:skillbook":1,"soul_like_armors_reworked:dagger":3},"minecraft:mined":{"minecraft:grass":2}},"DataVersion":3465}