{"stats":{"minecraft:killed":{"minecraft:zombie":1,"epicsamurai:tanuki":1},"minecraft:picked_up":{"minecraft:crafting_table":1,"minecraft:stick":2,"minecraft:wheat":109,"minecraft:jungle_log":23,"minecraft:dirt":50,"minecraft:lantern":2,"epicsamurai:straw_hat":1,"minecraft:rotten_flesh":5,"minecraft:wheat_seeds":281,"alexsmobs:banana":1,"minecraft:hay_block":8,"gamma_beasts:coal_nugget":3,"alexsmobs:maggot":1,"minecraft:bamboo":43,"minecraft:brown_banner":2,"minecraft:coal":17,"minecraft:cobblestone":17,"minecraft:egg":3},"minecraft:dropped":{"alexsmobs:maggot":1,"minecraft:rotten_flesh":2,"soulslikeuniverse:dagger":1,"minecraft:chest":2,"gravestone:obituary":2,"epicfight:skillbook":1},"minecraft:mined":{"minecraft:large_fern":1,"minecraft:podzol":1,"minecraft:hay_block":8,"minecraft:wheat":109,"minecraft:crafting_table":1,"gravestone:gravestone":3,"minecraft:coal_ore":17,"projectvibrantjourneys:short_grass":3,"minecraft:vine":2,"minecraft:jungle_log":23,"minecraft:lantern":1,"minecraft:dirt":48,"minecraft:cobblestone":1,"minecraft:stone":16,"minecraft:fern":1},"minecraft:crafted":{"minecraft:jungle_door":3,"minecraft:crafting_table":1,"minecraft:stick":16,"minecraft:wooden_pickaxe":1,"minecraft:wooden_axe":1,"minecraft:iron_sword":2,"minecraft:chest":3,"minecraft:torch":4,"minecraft:bread":54,"minecraft:jungle_planks":72,"minecraft:wheat":54},"minecraft:used":{"minecraft:wooden_axe":20,"epicfight:skillbook":4,"soul_like_armors_reworked:dagger":5,"minecraft:lantern":2,"minecraft:bread":10,"minecraft:jungle_log":1,"minecraft:chest":1,"minecraft:wooden_pickaxe":36,"minecraft:iron_sword":32,"soulslikeuniverse:estusflask":5,"soul_like_armors_reworked:estusflask":5,"minecraft:torch":1,"minecraft:dirt":1,"minecraft:cobblestone":3,"minecraft:hay_block":1,"minecraft:crafting_table":2,"minecraft:brown_banner":2,"minecraft:jungle_door":1,"soulslikeuniverse:dagger":9},"minecraft:custom":{"minecraft:time_since_rest":838,"minecraft:damage_taken":1300,"minecraft:sprint_one_cm":256610,"minecraft:walk_one_cm":504909,"minecraft:mob_kills":2,"minecraft:drop":9,"minecraft:damage_dealt":824,"minecraft:damage_dealt_absorbed":13,"minecraft:interact_with_crafting_table":8,"minecraft:fly_one_cm":83679,"minecraft:open_barrel":2,"minecraft:open_chest":11,"minecraft:crouch_one_cm":4141,"minecraft:play_time":53421,"minecraft:deaths":3,"minecraft:sneak_time":673,"minecraft:jump":674,"minecraft:leave_game":1,"minecraft:time_since_death":807,"minecraft:walk_on_water_one_cm":1559,"minecraft:total_world_time":54861,"minecraft:climb_one_cm":1930,"minecraft:fall_one_cm":9120},"minecraft:killed_by":{"minecraft:husk":1,"soulslikeuniverse:fieldboss_countrobert":2}},"DataVersion":3465}