{"stats":{"minecraft:broken":{"minecraft:golden_boots":1},"minecraft:crafted":{"minecraft:oak_door":3,"minecraft:oak_planks":28,"minecraft:glass":26,"travelersbackpack:white_sleeping_bag":1,"minecraft:stone_pickaxe":1,"travelersbackpack:backpack_tank":2,"minecraft:wooden_pickaxe":1,"minecraft:baked_potato":7,"minecraft:stick":20,"minecraft:wooden_axe":1},"minecraft:mined":{"projectvibrantjourneys:rocks":1,"gravestone:gravestone":10,"minecraft:composter":1,"minecraft:hay_block":58,"minecraft:fire":2,"minecraft:brown_bed":3,"minecraft:oak_sign":1,"minecraft:stone":9,"minecraft:white_wool":3,"minecraft:green_bed":2,"minecraft:tripwire":2,"minecraft:smithing_table":1,"minecraft:smoker":1,"minecraft:stone_brick_slab":4,"projectvibrantjourneys:twigs":1,"minecraft:blast_furnace":1,"minecraft:sponge":1,"minecraft:tall_grass":2,"minecraft:grindstone":1,"projectvibrantjourneys:fallen_leaves":2,"minecraft:lilac":1,"minecraft:grass":2,"minecraft:oak_log":24,"minecraft:coal_ore":35,"projectvibrantjourneys:short_grass":2,"minecraft:sand":1,"minecraft:polished_andesite":1,"minecraft:stone_bricks":1,"minecraft:oak_leaves":1},"minecraft:used":{"minecraft:oak_door":2,"minecraft:spyglass":5,"minecraft:wooden_axe":27,"soul_like_armors_reworked:dagger":112,"bloodandmadness:weapons/lit_torch":2,"soulslikeuniverse:estusflask":12,"minecraft:oak_sapling":4,"minecraft:brown_bed":2,"epicfight:skillbook":1,"farlanders:mystic_wand_invisible":1,"minecraft:stone_pickaxe":1,"minecraft:polished_andesite":1,"minecraft:baked_potato":7,"minecraft:wooden_pickaxe":54,"minecraft:green_bed":2,"minecraft:bread":15,"minecraft:cobblestone":4,"born_in_chaos_v1:wood_splitter_axe":4,"minecraft:pumpkin_pie":5,"minecraft:sea_pickle":2,"soulslikeuniverse:dagger":50},"minecraft:custom":{"minecraft:mob_kills":26,"minecraft:interact_with_crafting_table":5,"minecraft:open_barrel":18,"minecraft:damage_dealt_resisted":97,"minecraft:leave_game":6,"minecraft:time_since_death":13181,"minecraft:climb_one_cm":18320,"minecraft:sprint_one_cm":470581,"minecraft:walk_one_cm":1507071,"minecraft:drop":33,"minecraft:damage_dealt_absorbed":245,"minecraft:play_time":127412,"minecraft:deaths":9,"minecraft:sneak_time":2544,"minecraft:walk_under_water_one_cm":16253,"minecraft:jump":1563,"minecraft:walk_on_water_one_cm":53665,"minecraft:total_world_time":128338,"minecraft:interact_with_furnace":9,"minecraft:sleep_in_bed":6,"minecraft:time_since_rest":13218,"minecraft:damage_taken":4162,"minecraft:damage_dealt":5874,"minecraft:swim_one_cm":47676,"minecraft:fly_one_cm":224377,"minecraft:open_chest":45,"minecraft:crouch_one_cm":5261,"minecraft:interact_with_smoker":1,"minecraft:fall_one_cm":25468},"minecraft:dropped":{"minecraft:spruce_sign":2,"minecraft:bread":8,"born_in_chaos_v1:shattered_skull":1,"gamma_beasts:coal_nugget":14,"soul_like_armors_reworked:estusflask":10,"minecraft:orange_tulip":1,"minecraft:acacia_log":1,"soulslikeuniverse:presentchest":1,"minecraft:polished_blackstone_pressure_plate":1,"minecraft:sponge":1,"projectvibrantjourneys:fallen_leaves":2,"gravestone:obituary":7,"minecraft:pink_tulip":1,"minecraft:gravel":1,"alexsmobs:animal_dictionary":2,"soulslikeuniverse:dagger":1,"minecraft:rotten_flesh":4,"minecraft:oak_sign":1,"minecraft:mangrove_log":4,"minecraft:charcoal":2,"soul_like_armors_reworked:dagger":1,"minecraft:wooden_pickaxe":1},"minecraft:killed":{"born_in_chaos_v1:skeleton_demoman":1,"minecraft:spider":1,"born_in_chaos_v1:maggot":1,"minecraft:horse":1,"minecraft:skeleton":4,"bloodandmadness:beast_patient":2,"bloodandmadness:huntsman_axe":1,"farlanders:looter":1,"farlanders:mystic_enderman":1,"born_in_chaos_v1:decrepit_skeleton":1,"born_in_chaos_v1:bloody_gadfly":1,"minecraft:zombie":3,"born_in_chaos_v1:corpse_fly":2,"soulslikeuniverse:badomengiant":1,"minecraft:cow":4},"minecraft:picked_up":{"minecraft:charcoal":2,"minecraft:smithing_table":1,"minecraft:brown_bed":2,"gravestone:obituary":1,"minecraft:string":2,"minecraft:armor_stand":4,"minecraft:oak_sign":1,"bloodandmadness:blood_vial":5,"minecraft:sea_pickle":2,"minecraft:beef":11,"bloodandmadness:weapons/lit_torch":1,"minecraft:mangrove_log":4,"minecraft:stick":8,"born_in_chaos_v1:shattered_skull":1,"minecraft:oak_door":2,"minecraft:composter":1,"minecraft:green_bed":2,"minecraft:acacia_log":1,"epicfight:skillbook":1,"born_in_chaos_v1:pieceofdarkmetal":1,"minecraft:arrow":3,"minecraft:rotten_flesh":5,"soulslikeuniverse:estusflask":6,"born_in_chaos_v1:wood_splitter_axe":2,"minecraft:hay_block":58,"minecraft:pink_tulip":2,"gamma_beasts:coal_nugget":14,"minecraft:cobblestone":12,"minecraft:white_wool":3,"minecraft:sponge":1,"born_in_chaos_v1:corpse_maggot":4,"swem:timothy_seeds":1,"minecraft:lilac":1,"minecraft:andesite":1,"projectvibrantjourneys:fallen_leaves":4,"minecraft:leather":5,"minecraft:smoker":1,"minecraft:oak_log":24,"minecraft:lantern":3,"farlanders:mystic_wand_invisible":1,"soulslikeuniverse:giantsoul":1,"minecraft:bone":7,"minecraft:apple":1,"minecraft:stone_bricks":1,"minecraft:wheat_seeds":1,"minecraft:orange_tulip":2,"minecraft:grindstone":1,"swem:oat_seeds":1,"minecraft:stone_brick_slab":4,"minecraft:gravel":1,"minecraft:sand":26,"minecraft:blast_furnace":1,"soul_like_armors_reworked:rustysteelmace":1,"minecraft:dark_oak_log":3,"minecraft:polished_andesite":1,"minecraft:polished_blackstone_pressure_plate":1,"minecraft:iron_helmet":4,"minecraft:spruce_sign":2,"projectvibrantjourneys:orange_bark_mushroom":1,"minecraft:oak_sapling":7,"soul_like_armors_reworked:rustysteel_leggings":1,"minecraft:coal":34},"minecraft:killed_by":{"soulslikeuniverse:hollowsoldiersword":2,"minecraft:pillager":1,"farlanders:classic_enderman":1,"soulslikeuniverse:fieldboss_crucibleknight":2,"soulslikeuniverse:fieldboss_countrobert":1,"minecraft:skeleton":1,"minecraft:zombie":1}},"DataVersion":3465}