{"stats":{"minecraft:crafted":{"minecraft:oak_planks":20,"epicsamurai:silver_ingot":38,"cfm:red_sofa":4,"globalxp:xp_block":2,"cfm:blue_sofa":2,"minecraft:birch_slab":126,"minecraft:furnace":1,"minecraft:white_carpet":6,"minecraft:glass_pane":160,"minecraft:iron_bars":16,"variantvanillablocks:spruce_chest":3,"minecraft:glass":213,"iceandfire:armor_silver_metal_chestplate":1,"travelersbackpack:white_sleeping_bag":1,"minecraft:iron_boots":1,"iceandfire:armor_silver_metal_leggings":1,"minecraft:iron_axe":1,"minecraft:ladder":6,"minecraft:spruce_slab":318,"minecraft:chest":2,"iceandfire:armor_silver_metal_boots":1,"minecraft:red_dye":23,"minecraft:crafting_table":2,"minecraft:spruce_planks":200,"travelersbackpack:backpack_tank":2,"travelersbackpack:standard":1,"minecraft:spruce_door":3,"minecraft:red_wool":13,"minecraft:birch_planks":284,"minecraft:stone_axe":1,"minecraft:blue_dye":5,"minecraft:spruce_trapdoor":2,"minecraft:iron_chestplate":1,"minecraft:yellow_dye":1,"minecraft:iron_pickaxe":1,"minecraft:birch_fence":33,"minecraft:wooden_axe":1,"minecraft:blue_wool":5,"minecraft:iron_shovel":1,"minecraft:iron_leggings":1,"minecraft:composter":3,"minecraft:birch_stairs":52,"minecraft:shears":1},"minecraft:picked_up":{"gamma_beasts:thin_oak_log":10,"minecraft:crafting_table":1,"minecraft:iron_chestplate":1,"minecraft:wheat":3,"minecraft:allium":1,"minecraft:azure_bluet":1,"minecraft:ladder":2,"minecraft:flower_pot":4,"minecraft:golden_pickaxe":1,"cfm:red_sofa":5,"gravestone:obituary":1,"minecraft:cornflower":6,"iceandfire:frozen_splinters":34,"minecraft:iron_axe":1,"minecraft:item_frame":3,"minecraft:armor_stand":1,"minecraft:iron_shovel":2,"bloodandmadness:blood_vial":2,"iceandfire:bestiary":1,"minecraft:spruce_planks":2,"minecraft:rose_bush":4,"soul_like_armors_reworked:dagger":1,"minecraft:poppy":9,"minecraft:iron_pickaxe":1,"minecraft:spruce_slab":45,"minecraft:birch_sapling":30,"minecraft:stick":98,"projectvibrantjourneys:bark_mushroom":5,"oresabovediamonds:amethyst_sword":1,"epicfight:skillbook":1,"minecraft:golden_axe":1,"soul_like_armors_reworked:rustysteel_helmet":1,"minecraft:light_blue_bed":6,"soul_like_armors_reworked:estusflask":8,"minecraft:beetroot_seeds":1,"minecraft:red_tulip":11,"minecraft:gold_ingot":8,"minecraft:white_wool":9,"minecraft:cobblestone":139,"minecraft:birch_log":71,"minecraft:birch_leaves":45,"minecraft:cooked_beef":2,"minecraft:birch_slab":11,"projectvibrantjourneys:fallen_leaves":4,"minecraft:birch_planks":57,"simplyswords:iron_claymore":1,"gamma_beasts:green_apple":29,"gamma_beasts:oak_leaf":3,"minecraft:dirt":905,"minecraft:lantern":17,"minecraft:bone":3,"minecraft:stone_bricks":1,"minecraft:bow":2,"minecraft:stonecutter":1,"minecraft:wheat_seeds":53,"minecraft:iron_ingot":6,"minecraft:grindstone":2,"projectvibrantjourneys:light_brown_bark_mushroom":17,"minecraft:scaffolding":1,"minecraft:dandelion":1,"minecraft:birch_stairs":5,"minecraft:sand":277,"minecraft:spruce_sapling":141,"minecraft:blast_furnace":1,"minecraft:spruce_log":327,"minecraft:cyan_bed":4,"iceandfire:podium_dark_oak":2,"minecraft:spruce_door":2,"minecraft:spider_eye":1,"alexsmobs:animal_dictionary":3,"travelersbackpack:standard":1,"minecraft:sugar":2,"minecraft:grass":6,"minecraft:bread":7,"minecraft:emerald":1,"alexsmobs:maggot":4,"minecraft:baked_potato":1,"projectvibrantjourneys:orange_bark_mushroom":7,"iceandfire:silver_nugget":288},"minecraft:killed_by":{"born_in_chaos_v1:bloody_gadfly":1,"iceandfire:ice_dragon":11,"minecraft:zombie":1},"minecraft:dropped":{"gamma_beasts:oak_leaf":3,"minecraft:baked_potato":1,"projectvibrantjourneys:orange_bark_mushroom":3,"minecraft:item_frame":3,"minecraft:dirt":64,"minecraft:grass":6,"minecraft:cornflower":1,"projectvibrantjourneys:fallen_leaves":1,"cfm:blue_sofa":2,"gravestone:obituary":9,"minecraft:sand":86,"minecraft:iron_axe":1,"minecraft:iron_shovel":1,"projectvibrantjourneys:bark_mushroom":3,"oresabovediamonds:amethyst_sword":2,"alexsmobs:animal_dictionary":4,"minecraft:composter":1,"soul_like_armors_reworked:rustysteel_helmet":1,"minecraft:azure_bluet":1,"gamma_beasts:green_apple":4,"minecraft:poppy":4,"iceandfire:frozen_splinters":34,"minecraft:iron_chestplate":1,"minecraft:beetroot_seeds":1,"soul_like_armors_reworked:dagger":1,"minecraft:spruce_log":64,"minecraft:bow":2,"minecraft:glass":8,"minecraft:scaffolding":1},"minecraft:broken":{"minecraft:iron_shovel":2,"minecraft:golden_axe":1,"minecraft:iron_axe":2,"minecraft:iron_pickaxe":1,"minecraft:golden_pickaxe":1,"minecraft:stone_shovel":1},"minecraft:mined":{"minecraft:spruce_planks":2,"iceandfire:podium_dark_oak":2,"projectvibrantjourneys:rocks":1,"gravestone:gravestone":10,"minecraft:grass_block":519,"iceandfire:frozen_splinters":34,"minecraft:birch_slab":7,"minecraft:spruce_leaves":87,"minecraft:potted_dark_oak_sapling":1,"minecraft:fire":2,"cfm:red_sofa":5,"minecraft:red_tulip":12,"minecraft:dirt_path":43,"minecraft:lantern":11,"minecraft:stone":139,"minecraft:white_wool":3,"minecraft:spruce_slab":43,"minecraft:potted_allium":1,"minecraft:birch_stairs":5,"minecraft:scaffolding":1,"minecraft:glass_pane":13,"minecraft:spruce_door":2,"minecraft:crafting_table":1,"iceandfire:dragon_ice_spikes":95,"minecraft:cornflower":5,"projectvibrantjourneys:twigs":3,"minecraft:blast_furnace":1,"minecraft:poppy":3,"minecraft:rose_bush":1,"minecraft:cobblestone":1,"minecraft:tall_grass":16,"minecraft:cyan_bed":4,"minecraft:grindstone":2,"projectvibrantjourneys:fallen_leaves":2,"minecraft:birch_planks":57,"minecraft:light_blue_bed":6,"minecraft:birch_log":71,"minecraft:wheat":3,"minecraft:spruce_log":333,"minecraft:birch_leaves":58,"minecraft:potted_poppy":2,"gamma_beasts:thin_oak_log":12,"minecraft:grass":39,"iceandfire:silver_pile":56,"projectvibrantjourneys:short_grass":7,"minecraft:sand":278,"minecraft:dirt":309,"minecraft:stonecutter":1,"minecraft:stone_bricks":2,"minecraft:oak_leaves":2},"minecraft:custom":{"minecraft:mob_kills":22,"minecraft:interact_with_crafting_table":29,"minecraft:open_barrel":21,"minecraft:leave_game":13,"minecraft:time_since_death":130028,"minecraft:climb_one_cm":11186,"minecraft:sprint_one_cm":1389511,"minecraft:walk_one_cm":3374513,"minecraft:drop":53,"minecraft:damage_dealt_absorbed":218,"minecraft:talked_to_villager":1,"minecraft:play_time":370882,"minecraft:deaths":14,"minecraft:sneak_time":12023,"minecraft:walk_under_water_one_cm":7370,"minecraft:jump":2492,"minecraft:walk_on_water_one_cm":32360,"minecraft:total_world_time":371049,"minecraft:interact_with_furnace":23,"minecraft:pot_flower":1,"minecraft:interact_with_stonecutter":1,"minecraft:sleep_in_bed":21,"minecraft:time_since_rest":12975,"minecraft:damage_taken":6713,"minecraft:damage_dealt":6293,"minecraft:player_kills":1,"minecraft:swim_one_cm":70015,"minecraft:fly_one_cm":717288,"minecraft:open_chest":115,"minecraft:crouch_one_cm":54903,"minecraft:fall_one_cm":67836,"minecraft:horse_one_cm":34632},"minecraft:used":{"simplyswords:iron_claymore":40,"minecraft:iron_shovel":652,"minecraft:armor_stand":1,"minecraft:spruce_slab":339,"minecraft:stone_shovel":83,"minecraft:ladder":8,"minecraft:chest":2,"minecraft:spruce_planks":2,"gamma_beasts:green_apple":25,"oresabovediamonds:amethyst_sword":70,"oresabovediamonds:netherite_opal_sword":32,"soul_like_armors_reworked:estusflask":10,"minecraft:dirt":293,"minecraft:glass":60,"minecraft:wooden_axe":27,"alexsmobs:maggot":4,"soul_like_armors_reworked:dagger":25,"iceandfire:podium_dark_oak":2,"minecraft:lantern":11,"minecraft:iron_axe":521,"minecraft:birch_sapling":2,"mcdw:bow_winters_touch":10,"minecraft:light_blue_bed":6,"minecraft:stone_bricks":6,"minecraft:furnace":1,"cfm:red_sofa":9,"minecraft:cooked_beef":2,"minecraft:golden_axe":27,"epicfight:skillbook":3,"minecraft:spruce_door":7,"minecraft:birch_planks":194,"minecraft:birch_leaves":45,"minecraft:baked_potato":14,"minecraft:composter":2,"minecraft:stonecutter":1,"minecraft:white_wool":3,"minecraft:sand":24,"minecraft:crafting_table":3,"minecraft:blast_furnace":1,"minecraft:shears":45,"minecraft:spruce_log":190,"minecraft:birch_fence":32,"minecraft:flower_pot":1,"minecraft:apple":5,"minecraft:iron_pickaxe":300,"alexscaves:extinction_spear":70,"minecraft:birch_slab":57,"minecraft:bread":33,"minecraft:cyan_bed":4,"minecraft:spruce_trapdoor":1,"minecraft:spruce_sapling":1,"minecraft:stone_axe":19,"globalxp:xp_block":2,"minecraft:cobblestone":21,"travelersbackpack:standard":1,"variantvanillablocks:spruce_chest":2,"minecraft:grindstone":2,"minecraft:glass_pane":160,"minecraft:golden_pickaxe":34,"minecraft:birch_stairs":42,"minecraft:experience_bottle":4},"minecraft:killed":{"bloodandmadness:church_doctor":1,"minecraft:witch":1,"minecraft:spider":1,"born_in_chaos_v1:maggot":1,"minecraft:skeleton":2,"bloodandmadness:beast_patient":2,"farlanders:rebel":1,"minecraft:creeper":1,"minecraft:zombie":7,"iceandfire:ice_dragon":1,"alexsmobs:fly":4,"minecraft:player":1}},"DataVersion":3465}