{"stats":{"minecraft:picked_up":{"minecraft:wheat":109,"minecraft:jungle_log":8,"minecraft:dirt":19,"minecraft:lantern":1,"minecraft:wheat_seeds":281,"minecraft:hay_block":7,"minecraft:bamboo":43,"minecraft:brown_banner":2},"minecraft:dropped":{"soulslikeuniverse:dagger":1},"minecraft:mined":{"minecraft:large_fern":1,"minecraft:podzol":1,"minecraft:hay_block":7,"minecraft:wheat":109,"gravestone:gravestone":1,"projectvibrantjourneys:short_grass":2,"minecraft:vine":2,"minecraft:jungle_log":8,"minecraft:dirt":18,"minecraft:fern":1},"minecraft:crafted":{"minecraft:crafting_table":1,"minecraft:stick":16,"minecraft:wooden_pickaxe":1,"minecraft:wooden_axe":1,"minecraft:jungle_planks":28},"minecraft:used":{"epicfight:skillbook":1,"soul_like_armors_reworked:dagger":2,"minecraft:bread":2,"minecraft:jungle_log":1,"soulslikeuniverse:estusflask":5,"soul_like_armors_reworked:estusflask":5,"minecraft:crafting_table":1,"soulslikeuniverse:dagger":9},"minecraft:custom":{"minecraft:time_since_rest":17608,"minecraft:damage_taken":529,"minecraft:sprint_one_cm":161631,"minecraft:walk_one_cm":303396,"minecraft:drop":1,"minecraft:damage_dealt":228,"minecraft:damage_dealt_absorbed":10,"minecraft:interact_with_crafting_table":1,"minecraft:fly_one_cm":65283,"minecraft:open_barrel":2,"minecraft:open_chest":6,"minecraft:crouch_one_cm":2490,"minecraft:play_time":29421,"minecraft:deaths":1,"minecraft:sneak_time":230,"minecraft:jump":445,"minecraft:leave_game":1,"minecraft:time_since_death":17559,"minecraft:walk_on_water_one_cm":1559,"minecraft:total_world_time":30861,"minecraft:climb_one_cm":1828,"minecraft:fall_one_cm":7239},"minecraft:killed_by":{"minecraft:husk":1}},"DataVersion":3465}