{"stats":{"minecraft:picked_up":{"minecraft:crafting_table":2,"minecraft:leather":7,"minecraft:tuff":2,"minecraft:oak_log":20,"minecraft:gunpowder":1,"minecraft:dirt":4,"minecraft:lantern":5,"minecraft:armor_stand":1,"minecraft:bone":2,"minecraft:oak_sign":2,"minecraft:grindstone":1,"minecraft:beef":9,"projectvibrantjourneys:sandy_sprouts":4,"minecraft:moss_block":2,"minecraft:quartz_stairs":1,"ecologics:crab_claw":1,"minecraft:furnace":1,"minecraft:stick":1,"minecraft:raw_iron":10,"ecologics:coconut_slice":3,"born_in_chaos_v1:ethereal_spirit":1,"ecologics:coconut_seedling":4,"minecraft:porkchop":14,"minecraft:sand":1,"minecraft:stone_button":3,"minecraft:light_blue_bed":1,"minecraft:barrel":2,"ecologics:coconut_log":21,"minecraft:iron_block":1,"minecraft:white_wool":4,"minecraft:rail":10,"minecraft:cobblestone":91},"minecraft:crafted":{"minecraft:cooked_beef":4,"minecraft:oak_door":3,"minecraft:oak_planks":20,"minecraft:crafting_table":1,"ecologics:coconut_planks":16,"minecraft:wooden_pickaxe":1,"minecraft:furnace":1,"minecraft:stone_axe":1,"minecraft:stick":8,"minecraft:iron_ingot":9,"minecraft:stone_pickaxe":2},"minecraft:mined":{"minecraft:tuff":1,"minecraft:quartz_stairs":1,"projectvibrantjourneys:rocks":1,"minecraft:crafting_table":2,"minecraft:grass_block":2,"ecologics:coconut_log":21,"minecraft:grindstone":1,"minecraft:moss_block":1,"minecraft:light_blue_bed":1,"minecraft:furnace":1,"minecraft:iron_ore":10,"minecraft:barrel":2,"minecraft:grass":1,"minecraft:oak_log":20,"projectvibrantjourneys:short_grass":1,"minecraft:lantern":5,"minecraft:sand":2,"minecraft:dirt":2,"minecraft:stone":91,"minecraft:iron_block":1,"minecraft:white_wool":4,"pots_and_mimics:treasure_pot":1},"minecraft:custom":{"minecraft:interact_with_furnace":7,"minecraft:mob_kills":16,"minecraft:interact_with_crafting_table":15,"minecraft:open_barrel":5,"minecraft:leave_game":1,"minecraft:time_since_death":42001,"minecraft:climb_one_cm":3334,"minecraft:time_since_rest":42001,"minecraft:sprint_one_cm":200739,"minecraft:damage_taken":491,"minecraft:walk_one_cm":466229,"minecraft:drop":15,"minecraft:damage_dealt":1893,"minecraft:talked_to_villager":1,"minecraft:damage_dealt_absorbed":102,"minecraft:swim_one_cm":5032,"minecraft:fly_one_cm":126836,"minecraft:open_chest":7,"minecraft:crouch_one_cm":1633,"minecraft:play_time":42001,"minecraft:sneak_time":242,"minecraft:walk_under_water_one_cm":12702,"minecraft:jump":625,"minecraft:walk_on_water_one_cm":13251,"minecraft:total_world_time":42182,"minecraft:fall_one_cm":11682},"minecraft:killed":{"minecraft:pig":8,"born_in_chaos_v1:restless_spirit":1,"minecraft:skeleton":1,"ecologics:coconut_crab":1,"minecraft:cow":5},"minecraft:dropped":{"minecraft:moss_block":2,"minecraft:tuff":2,"projectvibrantjourneys:sandy_sprouts":4,"ecologics:crab_claw":1,"minecraft:gunpowder":1,"minecraft:stone_button":3,"minecraft:quartz_stairs":1,"ecologics:coconut_husk":3},"minecraft:used":{"epicfight:skillbook":1,"minecraft:armor_stand":1,"minecraft:stone_pickaxe":103,"minecraft:baked_potato":2,"minecraft:wooden_pickaxe":13,"minecraft:oak_door":1,"minecraft:dirt":1,"minecraft:crafting_table":3,"soul_like_armors_reworked:dagger":25,"minecraft:light_blue_bed":1,"soulslikeuniverse:estusflask":3,"minecraft:barrel":2,"minecraft:stone_axe":48,"ecologics:coconut_slice":3,"minecraft:furnace":2,"minecraft:grindstone":1,"minecraft:cooked_beef":4,"soulslikeuniverse:dagger":31}},"DataVersion":3465}