{"stats":{"minecraft:custom":{"minecraft:mob_kills":21,"minecraft:interact_with_crafting_table":26,"minecraft:open_barrel":18,"minecraft:leave_game":11,"minecraft:time_since_death":47749,"minecraft:sprint_one_cm":987498,"minecraft:walk_one_cm":2562880,"minecraft:drop":40,"minecraft:damage_dealt_absorbed":218,"minecraft:play_time":288603,"minecraft:deaths":14,"minecraft:sneak_time":11522,"minecraft:walk_under_water_one_cm":6850,"minecraft:jump":1889,"minecraft:walk_on_water_one_cm":28352,"minecraft:total_world_time":288770,"minecraft:interact_with_furnace":23,"minecraft:interact_with_stonecutter":1,"minecraft:sleep_in_bed":16,"minecraft:time_since_rest":7351,"minecraft:damage_taken":6659,"minecraft:damage_dealt":6223,"minecraft:swim_one_cm":54423,"minecraft:fly_one_cm":503341,"minecraft:player_kills":1,"minecraft:open_chest":62,"minecraft:crouch_one_cm":52457,"minecraft:fall_one_cm":57989,"minecraft:horse_one_cm":34632},"minecraft:picked_up":{"gamma_beasts:thin_oak_log":10,"minecraft:wheat":3,"minecraft:azure_bluet":1,"minecraft:golden_pickaxe":1,"gravestone:obituary":1,"iceandfire:frozen_splinters":34,"minecraft:iron_axe":1,"minecraft:item_frame":3,"minecraft:iron_shovel":2,"bloodandmadness:blood_vial":2,"minecraft:spruce_planks":2,"soul_like_armors_reworked:dagger":1,"minecraft:poppy":4,"minecraft:iron_pickaxe":1,"minecraft:spruce_slab":44,"minecraft:birch_sapling":30,"minecraft:stick":91,"projectvibrantjourneys:bark_mushroom":5,"oresabovediamonds:amethyst_sword":1,"epicfight:skillbook":1,"minecraft:golden_axe":1,"soul_like_armors_reworked:rustysteel_helmet":1,"minecraft:light_blue_bed":6,"soul_like_armors_reworked:estusflask":8,"minecraft:beetroot_seeds":1,"minecraft:gold_ingot":8,"minecraft:white_wool":2,"minecraft:cobblestone":15,"minecraft:birch_log":71,"minecraft:birch_leaves":45,"minecraft:cooked_beef":2,"minecraft:birch_slab":10,"projectvibrantjourneys:fallen_leaves":4,"minecraft:birch_planks":57,"simplyswords:iron_claymore":1,"gamma_beasts:green_apple":29,"gamma_beasts:oak_leaf":3,"minecraft:dirt":892,"minecraft:lantern":7,"minecraft:bone":1,"minecraft:stonecutter":1,"minecraft:bow":2,"minecraft:wheat_seeds":51,"minecraft:iron_ingot":6,"projectvibrantjourneys:light_brown_bark_mushroom":17,"minecraft:sand":277,"minecraft:birch_stairs":5,"minecraft:blast_furnace":1,"minecraft:spruce_sapling":127,"minecraft:spruce_log":311,"minecraft:cyan_bed":4,"alexsmobs:animal_dictionary":3,"minecraft:spruce_door":2,"minecraft:spider_eye":1,"travelersbackpack:standard":1,"minecraft:sugar":2,"minecraft:emerald":1,"minecraft:bread":7,"alexsmobs:maggot":4,"projectvibrantjourneys:orange_bark_mushroom":6},"minecraft:killed_by":{"born_in_chaos_v1:bloody_gadfly":1,"iceandfire:ice_dragon":11,"minecraft:zombie":1},"minecraft:broken":{"minecraft:iron_shovel":2,"minecraft:golden_axe":1,"minecraft:iron_axe":2,"minecraft:stone_shovel":1},"minecraft:used":{"simplyswords:iron_claymore":39,"minecraft:iron_shovel":652,"minecraft:spruce_slab":329,"minecraft:stone_shovel":83,"minecraft:chest":2,"minecraft:spruce_planks":2,"gamma_beasts:green_apple":25,"oresabovediamonds:amethyst_sword":70,"oresabovediamonds:netherite_opal_sword":32,"soul_like_armors_reworked:estusflask":10,"minecraft:dirt":292,"minecraft:glass":60,"minecraft:wooden_axe":26,"alexsmobs:maggot":4,"soul_like_armors_reworked:dagger":25,"minecraft:lantern":7,"minecraft:iron_axe":521,"minecraft:birch_sapling":2,"mcdw:bow_winters_touch":10,"minecraft:light_blue_bed":6,"minecraft:furnace":1,"minecraft:cooked_beef":2,"minecraft:golden_axe":27,"epicfight:skillbook":3,"minecraft:spruce_door":5,"minecraft:birch_planks":194,"minecraft:birch_leaves":37,"minecraft:baked_potato":3,"minecraft:composter":2,"minecraft:white_wool":3,"minecraft:sand":24,"minecraft:crafting_table":1,"minecraft:shears":45,"minecraft:spruce_log":188,"minecraft:birch_fence":32,"minecraft:apple":5,"minecraft:iron_pickaxe":128,"minecraft:birch_slab":56,"minecraft:bread":30,"minecraft:cyan_bed":4,"alexscaves:extinction_spear":70,"minecraft:spruce_sapling":1,"minecraft:cobblestone":7,"travelersbackpack:standard":1,"variantvanillablocks:spruce_chest":2,"minecraft:glass_pane":160,"minecraft:golden_pickaxe":18,"minecraft:birch_stairs":39,"minecraft:experience_bottle":4},"minecraft:crafted":{"minecraft:oak_planks":20,"minecraft:birch_slab":126,"minecraft:furnace":1,"minecraft:glass_pane":160,"variantvanillablocks:spruce_chest":3,"minecraft:glass":213,"travelersbackpack:white_sleeping_bag":1,"minecraft:iron_boots":1,"minecraft:iron_axe":1,"minecraft:spruce_slab":318,"minecraft:chest":2,"minecraft:crafting_table":1,"minecraft:spruce_planks":192,"travelersbackpack:backpack_tank":2,"travelersbackpack:standard":1,"minecraft:spruce_door":3,"minecraft:birch_planks":284,"minecraft:iron_chestplate":1,"minecraft:birch_fence":33,"minecraft:wooden_axe":1,"minecraft:iron_shovel":1,"minecraft:iron_leggings":1,"minecraft:composter":3,"minecraft:birch_stairs":52,"minecraft:shears":1},"minecraft:mined":{"minecraft:spruce_planks":2,"projectvibrantjourneys:rocks":1,"gravestone:gravestone":10,"minecraft:grass_block":519,"iceandfire:frozen_splinters":34,"minecraft:birch_slab":6,"minecraft:spruce_leaves":81,"minecraft:fire":2,"minecraft:dirt_path":40,"minecraft:lantern":1,"minecraft:stone":15,"minecraft:white_wool":3,"minecraft:spruce_slab":42,"minecraft:birch_stairs":5,"minecraft:glass_pane":13,"minecraft:spruce_door":2,"iceandfire:dragon_ice_spikes":95,"projectvibrantjourneys:twigs":3,"minecraft:blast_furnace":1,"minecraft:tall_grass":12,"minecraft:cyan_bed":4,"projectvibrantjourneys:fallen_leaves":2,"minecraft:birch_planks":57,"minecraft:light_blue_bed":6,"minecraft:birch_log":71,"minecraft:wheat":3,"minecraft:spruce_log":317,"minecraft:birch_leaves":51,"gamma_beasts:thin_oak_log":12,"minecraft:grass":36,"projectvibrantjourneys:short_grass":7,"minecraft:sand":278,"minecraft:dirt":299,"minecraft:stonecutter":1,"minecraft:oak_leaves":2},"minecraft:dropped":{"gamma_beasts:oak_leaf":3,"minecraft:item_frame":3,"minecraft:dirt":64,"projectvibrantjourneys:fallen_leaves":1,"gravestone:obituary":9,"minecraft:iron_axe":1,"minecraft:sand":86,"minecraft:iron_shovel":1,"projectvibrantjourneys:bark_mushroom":2,"oresabovediamonds:amethyst_sword":1,"alexsmobs:animal_dictionary":4,"minecraft:composter":1,"minecraft:azure_bluet":1,"gamma_beasts:green_apple":4,"minecraft:poppy":4,"minecraft:beetroot_seeds":1,"soul_like_armors_reworked:dagger":1,"minecraft:spruce_log":64,"minecraft:bow":2,"minecraft:glass":8},"minecraft:killed":{"bloodandmadness:church_doctor":1,"minecraft:witch":1,"minecraft:spider":1,"born_in_chaos_v1:maggot":1,"minecraft:skeleton":1,"bloodandmadness:beast_patient":2,"farlanders:rebel":1,"minecraft:creeper":1,"minecraft:zombie":7,"iceandfire:ice_dragon":1,"alexsmobs:fly":4,"minecraft:player":1}},"DataVersion":3465}