{"stats":{"minecraft:picked_up":{"minecraft:wheat":109,"minecraft:wheat_seeds":281,"minecraft:hay_block":7,"minecraft:bamboo":43,"minecraft:brown_banner":2,"minecraft:dirt":1,"minecraft:lantern":1},"minecraft:dropped":{"soulslikeuniverse:dagger":1},"minecraft:mined":{"minecraft:podzol":1,"minecraft:hay_block":7,"projectvibrantjourneys:short_grass":2,"minecraft:wheat":109,"gravestone:gravestone":1,"minecraft:fern":1,"minecraft:large_fern":1},"minecraft:used":{"epicfight:skillbook":1,"soul_like_armors_reworked:dagger":2,"soulslikeuniverse:dagger":9,"soulslikeuniverse:estusflask":3,"soul_like_armors_reworked:estusflask":5},"minecraft:custom":{"minecraft:open_chest":6,"minecraft:time_since_rest":5608,"minecraft:deaths":1,"minecraft:crouch_one_cm":1655,"minecraft:play_time":17421,"minecraft:sprint_one_cm":125744,"minecraft:damage_taken":519,"minecraft:walk_one_cm":204511,"minecraft:sneak_time":156,"minecraft:drop":1,"minecraft:jump":274,"minecraft:damage_dealt":228,"minecraft:leave_game":1,"minecraft:walk_on_water_one_cm":29,"minecraft:time_since_death":5559,"minecraft:climb_one_cm":1156,"minecraft:total_world_time":18861,"minecraft:damage_dealt_absorbed":10,"minecraft:fly_one_cm":40181,"minecraft:fall_one_cm":6695,"minecraft:open_barrel":2},"minecraft:killed_by":{"minecraft:husk":1}},"DataVersion":3465}