{"stats":{"minecraft:killed_by":{"minecraft:pillager":1},"minecraft:dropped":{"minecraft:bread":8,"alexsmobs:animal_dictionary":1,"gamma_beasts:coal_nugget":14,"soulslikeuniverse:dagger":1,"soul_like_armors_reworked:estusflask":10,"minecraft:oak_sign":1,"soulslikeuniverse:presentchest":1,"minecraft:sponge":1,"projectvibrantjourneys:fallen_leaves":2,"soul_like_armors_reworked:dagger":1,"gravestone:obituary":1,"minecraft:pink_tulip":1},"minecraft:picked_up":{"minecraft:sponge":1,"swem:timothy_seeds":1,"minecraft:lilac":1,"projectvibrantjourneys:fallen_leaves":2,"minecraft:smithing_table":1,"minecraft:brown_bed":1,"minecraft:oak_log":15,"minecraft:lantern":2,"minecraft:armor_stand":4,"minecraft:bone":1,"minecraft:oak_sign":1,"bloodandmadness:blood_vial":2,"minecraft:wheat_seeds":1,"minecraft:grindstone":1,"swem:oat_seeds":1,"minecraft:stick":3,"minecraft:acacia_log":1,"minecraft:blast_furnace":1,"minecraft:dark_oak_log":1,"minecraft:arrow":2,"born_in_chaos_v1:wood_splitter_axe":1,"minecraft:hay_block":12,"minecraft:iron_helmet":4,"minecraft:pink_tulip":2,"gamma_beasts:coal_nugget":14,"projectvibrantjourneys:orange_bark_mushroom":1,"minecraft:oak_sapling":3,"minecraft:coal":31,"minecraft:cobblestone":9},"minecraft:killed":{"born_in_chaos_v1:skeleton_demoman":1,"minecraft:skeleton":2},"minecraft:crafted":{"minecraft:oak_planks":28,"minecraft:wooden_pickaxe":1,"minecraft:baked_potato":7,"minecraft:stick":20,"minecraft:wooden_axe":1},"minecraft:used":{"epicfight:skillbook":1,"minecraft:wooden_pickaxe":45,"minecraft:spyglass":3,"minecraft:wooden_axe":17,"soul_like_armors_reworked:dagger":8,"minecraft:bread":3,"soulslikeuniverse:estusflask":8,"soulslikeuniverse:dagger":3},"minecraft:mined":{"minecraft:smithing_table":1,"projectvibrantjourneys:rocks":1,"gravestone:gravestone":2,"projectvibrantjourneys:twigs":1,"minecraft:blast_furnace":1,"minecraft:sponge":1,"minecraft:grindstone":1,"minecraft:hay_block":14,"minecraft:fire":1,"minecraft:lilac":1,"minecraft:brown_bed":2,"minecraft:grass":2,"minecraft:coal_ore":32,"minecraft:oak_log":15,"projectvibrantjourneys:short_grass":1,"minecraft:oak_sign":1,"minecraft:stone":9,"minecraft:tripwire":2},"minecraft:custom":{"minecraft:interact_with_furnace":4,"minecraft:mob_kills":3,"minecraft:interact_with_crafting_table":1,"minecraft:open_barrel":10,"minecraft:damage_dealt_resisted":97,"minecraft:leave_game":1,"minecraft:time_since_death":40735,"minecraft:climb_one_cm":7516,"minecraft:time_since_rest":40933,"minecraft:sprint_one_cm":105524,"minecraft:damage_taken":896,"minecraft:walk_one_cm":502268,"minecraft:drop":13,"minecraft:damage_dealt":604,"minecraft:swim_one_cm":16946,"minecraft:damage_dealt_absorbed":30,"minecraft:fly_one_cm":64432,"minecraft:open_chest":25,"minecraft:crouch_one_cm":2202,"minecraft:play_time":41998,"minecraft:deaths":1,"minecraft:sneak_time":639,"minecraft:walk_under_water_one_cm":7801,"minecraft:jump":476,"minecraft:walk_on_water_one_cm":19135,"minecraft:total_world_time":42924,"minecraft:fall_one_cm":6584}},"DataVersion":3465}