{"stats":{"minecraft:killed_by":{"minecraft:pillager":1},"minecraft:dropped":{"minecraft:bread":8,"soulslikeuniverse:presentchest":1,"alexsmobs:animal_dictionary":1,"soulslikeuniverse:dagger":1,"soul_like_armors_reworked:dagger":1,"soul_like_armors_reworked:estusflask":10,"gravestone:obituary":1},"minecraft:picked_up":{"swem:timothy_seeds":1,"minecraft:lilac":1,"minecraft:wheat_seeds":1,"swem:oat_seeds":1,"minecraft:coal":3,"minecraft:cobblestone":6},"minecraft:crafted":{"minecraft:oak_planks":28,"minecraft:stick":20,"minecraft:wooden_pickaxe":1,"minecraft:wooden_axe":1},"minecraft:used":{"epicfight:skillbook":1,"soul_like_armors_reworked:dagger":1,"minecraft:bread":2,"minecraft:wooden_pickaxe":10,"soulslikeuniverse:estusflask":2},"minecraft:mined":{"minecraft:fire":1,"minecraft:lilac":1,"projectvibrantjourneys:rocks":1,"gravestone:gravestone":2,"minecraft:grass":2,"minecraft:coal_ore":3,"minecraft:stone":6},"minecraft:custom":{"minecraft:time_since_rest":16933,"minecraft:sprint_one_cm":50524,"minecraft:damage_taken":433,"minecraft:walk_one_cm":257816,"minecraft:drop":7,"minecraft:swim_one_cm":5743,"minecraft:interact_with_crafting_table":1,"minecraft:fly_one_cm":37910,"minecraft:open_barrel":3,"minecraft:open_chest":7,"minecraft:crouch_one_cm":1402,"minecraft:play_time":17998,"minecraft:deaths":1,"minecraft:sneak_time":251,"minecraft:walk_under_water_one_cm":2898,"minecraft:jump":248,"minecraft:leave_game":1,"minecraft:time_since_death":16735,"minecraft:walk_on_water_one_cm":9263,"minecraft:total_world_time":18924,"minecraft:fall_one_cm":3555}},"DataVersion":3465}