{"stats":{"minecraft:crafted":{"minecraft:oak_planks":20,"epicsamurai:silver_ingot":38,"globalxp:xp_block":2,"minecraft:birch_boat":3,"minecraft:birch_slab":132,"minecraft:iron_bars":16,"minecraft:glass":213,"iceandfire:armor_silver_metal_chestplate":1,"minecraft:iron_boots":1,"iceandfire:armor_silver_metal_leggings":1,"minecraft:chest":2,"minecraft:stone_hoe":1,"minecraft:crafting_table":2,"minecraft:spruce_planks":248,"travelersbackpack:standard":1,"minecraft:spruce_door":3,"minecraft:red_wool":13,"minecraft:pumpkin_seeds":12,"minecraft:birch_planks":332,"minecraft:spruce_trapdoor":2,"minecraft:iron_chestplate":1,"minecraft:yellow_dye":1,"minecraft:birch_fence":33,"minecraft:iron_pickaxe":1,"minecraft:composter":3,"iceandfire:armor_bronze_helmet":1,"minecraft:birch_stairs":52,"minecraft:shears":1,"minecraft:stone_shovel":4,"cfm:red_sofa":4,"cfm:blue_sofa":2,"minecraft:furnace":1,"minecraft:spruce_fence":27,"minecraft:white_carpet":6,"minecraft:glass_pane":160,"variantvanillablocks:spruce_chest":3,"travelersbackpack:white_sleeping_bag":1,"minecraft:iron_axe":1,"minecraft:ladder":6,"minecraft:spruce_slab":348,"minecraft:stone_pickaxe":1,"iceandfire:armor_bronze_chestplate":1,"iceandfire:armor_silver_metal_boots":1,"revampedpiles:cobblestone_roof":12,"minecraft:red_dye":23,"iceandfire:armor_bronze_boots":1,"travelersbackpack:backpack_tank":2,"minecraft:stone_axe":1,"minecraft:blue_dye":5,"variantvanillablocks:birch_chest":2,"minecraft:wooden_axe":1,"minecraft:blue_wool":5,"minecraft:iron_shovel":1,"minecraft:iron_leggings":1,"iceandfire:armor_bronze_leggings":1},"minecraft:picked_up":{"gamma_beasts:thin_oak_log":10,"minecraft:iron_chestplate":1,"minecraft:wheat":5,"minecraft:flower_pot":4,"minecraft:string":2,"minecraft:armor_stand":2,"minecraft:spruce_planks":2,"minecraft:rose_bush":4,"soul_like_armors_reworked:dagger":1,"minecraft:iron_pickaxe":3,"minecraft:stick":107,"minecraft:composter":1,"born_in_chaos_v1:phantom_powder":1,"iceandfire:dragonscales_white":52,"epicfight:skillbook":1,"oresabovediamonds:amethyst_sword":1,"minecraft:golden_axe":1,"iceandfire:rotten_egg":1,"iceandfire:fire_dragon_heart":1,"minecraft:red_tulip":11,"projectvibrantjourneys:cattail":10,"minecraft:cobblestone":285,"minecraft:birch_log":107,"minecraft:cooked_beef":2,"minecraft:water_bucket":1,"minecraft:birch_slab":15,"projectvibrantjourneys:fallen_leaves":6,"gamma_beasts:oak_leaf":3,"iceandfire:dragonscales_bronze":24,"minecraft:dirt":1500,"minecraft:lantern":17,"minecraft:glass":2,"minecraft:bone":5,"minecraft:stonecutter":1,"minecraft:bow":2,"minecraft:wheat_seeds":98,"minecraft:grindstone":2,"soul_like_armors_reworked:rustysteel_boots":1,"iceandfire:dragon_skull_fire":4,"minecraft:sand":277,"minecraft:cyan_bed":4,"iceandfire:podium_dark_oak":2,"alexsmobs:animal_dictionary":3,"minecraft:sugar":2,"minecraft:grass":6,"minecraft:emerald":1,"minecraft:bread":7,"alexsmobs:maggot":4,"iceandfire:silver_nugget":288,"minecraft:crafting_table":1,"minecraft:allium":1,"minecraft:azure_bluet":2,"minecraft:ladder":2,"minecraft:golden_pickaxe":1,"cfm:red_sofa":7,"gravestone:obituary":2,"minecraft:cornflower":6,"iceandfire:frozen_splinters":34,"minecraft:iron_axe":1,"minecraft:item_frame":3,"minecraft:white_carpet":6,"minecraft:iron_shovel":2,"bloodandmadness:blood_vial":9,"iceandfire:bestiary":1,"minecraft:poppy":9,"minecraft:spruce_slab":49,"minecraft:sugar_cane":23,"minecraft:birch_sapling":33,"iceandfire:ice_dragon_heart":1,"minecraft:egg":2,"iceandfire:dragonbone":30,"projectvibrantjourneys:bark_mushroom":5,"minecraft:carrot":14,"soul_like_armors_reworked:rustysteel_helmet":1,"minecraft:light_blue_bed":6,"bloodandmadness:beastblood_clump":2,"iceandfire:dragon_skull_ice":2,"soul_like_armors_reworked:estusflask":10,"minecraft:beetroot_seeds":1,"minecraft:gold_ingot":8,"minecraft:mutton":1,"minecraft:white_wool":10,"minecraft:birch_leaves":45,"minecraft:yellow_dye":1,"minecraft:birch_planks":59,"simplyswords:iron_claymore":4,"gamma_beasts:green_apple":29,"minecraft:lily_pad":5,"minecraft:stone_bricks":1,"minecraft:iron_ingot":6,"iceandfire:fire_dragon_flesh":3,"minecraft:scaffolding":1,"projectvibrantjourneys:light_brown_bark_mushroom":17,"minecraft:pumpkin":12,"minecraft:dandelion":3,"minecraft:birch_stairs":17,"minecraft:spruce_sapling":170,"minecraft:blast_furnace":1,"minecraft:spruce_log":327,"minecraft:spider_eye":1,"minecraft:spruce_door":2,"travelersbackpack:standard":4,"soul_like_armors_reworked:dark_knight_chestplate":1,"minecraft:stone_axe":1,"iceandfire:ice_dragon_flesh":5,"minecraft:baked_potato":1,"projectvibrantjourneys:orange_bark_mushroom":7,"minecraft:ender_pearl":1},"minecraft:killed_by":{"iceandfire:ice_dragon":11,"minecraft:zombie":1,"farlanders:looter":1,"born_in_chaos_v1:bloody_gadfly":1},"minecraft:dropped":{"minecraft:baked_potato":1,"bloodandmadness:beastblood_clump":1,"travelersbackpack:standard":1,"projectvibrantjourneys:orange_bark_mushroom":3,"minecraft:item_frame":3,"minecraft:dirt":151,"minecraft:grass":6,"minecraft:yellow_dye":2,"minecraft:cornflower":1,"projectvibrantjourneys:fallen_leaves":3,"cfm:blue_sofa":2,"gravestone:obituary":11,"minecraft:sand":86,"minecraft:iron_pickaxe":2,"minecraft:birch_stairs":6,"projectvibrantjourneys:bark_mushroom":3,"minecraft:stone_axe":1,"oresabovediamonds:amethyst_sword":2,"alexsmobs:animal_dictionary":4,"soul_like_armors_reworked:rustysteel_helmet":1,"minecraft:azure_bluet":1,"minecraft:poppy":4,"minecraft:beetroot_seeds":1,"soul_like_armors_reworked:dagger":1,"minecraft:glass":11,"projectvibrantjourneys:cattail":9,"minecraft:scaffolding":1,"minecraft:wheat_seeds":25,"gamma_beasts:oak_leaf":3,"minecraft:cobblestone":58,"minecraft:iron_axe":1,"minecraft:iron_shovel":1,"minecraft:spruce_sapling":39,"minecraft:dandelion":1,"minecraft:composter":1,"gamma_beasts:green_apple":4,"iceandfire:frozen_splinters":34,"minecraft:iron_chestplate":1,"minecraft:spruce_log":64,"minecraft:bow":2,"simplyswords:iron_claymore":1},"minecraft:broken":{"minecraft:iron_shovel":3,"minecraft:stone_shovel":3,"minecraft:golden_axe":1,"minecraft:iron_axe":2,"minecraft:iron_pickaxe":2,"minecraft:golden_pickaxe":1},"minecraft:mined":{"minecraft:spruce_planks":2,"iceandfire:podium_dark_oak":2,"minecraft:grass_block":964,"minecraft:composter":1,"minecraft:fire":2,"minecraft:pumpkin":12,"minecraft:azure_bluet":1,"minecraft:red_tulip":12,"minecraft:dirt_path":43,"minecraft:spruce_slab":47,"projectvibrantjourneys:cattail":15,"iceandfire:dragon_ice_spikes":121,"projectvibrantjourneys:twigs":9,"minecraft:blast_furnace":1,"minecraft:poppy":3,"minecraft:cobblestone":4,"minecraft:cyan_bed":4,"minecraft:grindstone":2,"projectvibrantjourneys:fallen_leaves":4,"minecraft:sugar_cane":9,"minecraft:seagrass":4,"minecraft:birch_log":108,"minecraft:wheat":3,"minecraft:potted_poppy":2,"minecraft:grass":136,"projectvibrantjourneys:short_grass":24,"minecraft:dirt":458,"minecraft:sand":278,"minecraft:stonecutter":1,"minecraft:oak_leaves":2,"projectvibrantjourneys:rocks":3,"gravestone:gravestone":12,"iceandfire:frozen_splinters":34,"minecraft:birch_slab":10,"minecraft:spruce_leaves":96,"minecraft:large_fern":1,"minecraft:potted_dark_oak_sapling":1,"minecraft:carrots":4,"cfm:red_sofa":7,"minecraft:lantern":11,"minecraft:stone":226,"minecraft:white_wool":3,"minecraft:potted_allium":1,"minecraft:birch_stairs":11,"minecraft:scaffolding":1,"minecraft:glass_pane":14,"minecraft:spruce_door":2,"minecraft:dandelion":1,"travelersbackpack:standard":1,"minecraft:crafting_table":1,"minecraft:cornflower":5,"minecraft:rose_bush":1,"minecraft:tall_grass":29,"minecraft:lily_pad":2,"minecraft:birch_planks":60,"minecraft:light_blue_bed":6,"minecraft:ice":114,"minecraft:white_carpet":6,"minecraft:spruce_log":333,"minecraft:birch_leaves":59,"gamma_beasts:thin_oak_log":12,"iceandfire:silver_pile":56,"minecraft:stone_bricks":2},"minecraft:custom":{"minecraft:animals_bred":2,"minecraft:interact_with_crafting_table":33,"minecraft:open_barrel":21,"minecraft:leave_game":15,"minecraft:time_since_death":29751,"minecraft:sprint_one_cm":1796965,"minecraft:drop":100,"minecraft:talked_to_villager":1,"minecraft:play_time":518548,"minecraft:deaths":16,"minecraft:jump":3428,"minecraft:walk_on_water_one_cm":49212,"minecraft:interact_with_furnace":23,"minecraft:sleep_in_bed":30,"minecraft:damage_dealt":11201,"minecraft:player_kills":1,"minecraft:crouch_one_cm":65081,"minecraft:horse_one_cm":34632,"minecraft:mob_kills":36,"minecraft:climb_one_cm":18192,"minecraft:walk_one_cm":5304034,"minecraft:damage_dealt_absorbed":248,"minecraft:sneak_time":14296,"minecraft:walk_under_water_one_cm":8330,"minecraft:boat_one_cm":23743,"minecraft:total_world_time":518715,"minecraft:pot_flower":1,"minecraft:interact_with_stonecutter":1,"minecraft:time_since_rest":20241,"minecraft:damage_taken":8121,"minecraft:swim_one_cm":87210,"minecraft:fly_one_cm":1001910,"minecraft:open_chest":146,"minecraft:fall_one_cm":78155},"minecraft:used":{"travelersbackpack:horse":1,"revampedpiles:cobblestone_roof":4,"minecraft:iron_shovel":866,"minecraft:spruce_slab":371,"iceandfire:dragon_skull_ice":2,"minecraft:ladder":8,"minecraft:chest":2,"oresabovediamonds:netherite_opal_sword":32,"minecraft:carrot":37,"minecraft:azure_bluet":1,"minecraft:glass":60,"minecraft:lantern":11,"minecraft:birch_sapling":3,"mcdw:bow_winters_touch":10,"minecraft:light_blue_bed":6,"minecraft:stone_bricks":6,"minecraft:furnace":1,"minecraft:beetroot_seeds":19,"minecraft:egg":2,"minecraft:potato":28,"iceandfire:armor_bronze_boots":1,"epicfight:skillbook":3,"minecraft:spruce_door":7,"the_pillager_legion_:republican_gmaduis_tpl":36,"minecraft:birch_leaves":45,"minecraft:stone_pickaxe":90,"minecraft:composter":2,"minecraft:sugar_cane":23,"variantvanillablocks:birch_chest":2,"minecraft:white_wool":3,"minecraft:sand":24,"minecraft:blast_furnace":1,"minecraft:shears":45,"minecraft:pumpkin_seeds":12,"minecraft:birch_fence":32,"minecraft:birch_slab":144,"minecraft:cyan_bed":4,"minecraft:bread":58,"globalxp:xp_block":2,"iceandfire:dragon_skull_fire":4,"variantvanillablocks:spruce_chest":2,"minecraft:grindstone":2,"minecraft:golden_pickaxe":34,"minecraft:experience_bottle":4,"simplyswords:iron_claymore":76,"minecraft:armor_stand":2,"minecraft:stone_shovel":422,"minecraft:spruce_planks":2,"gamma_beasts:green_apple":25,"oresabovediamonds:amethyst_sword":70,"soul_like_armors_reworked:estusflask":10,"minecraft:stone_hoe":117,"minecraft:dirt":698,"minecraft:white_carpet":14,"minecraft:spruce_fence":27,"minecraft:wooden_axe":27,"alexsmobs:maggot":4,"soul_like_armors_reworked:dagger":25,"iceandfire:podium_dark_oak":2,"minecraft:iron_axe":521,"minecraft:iron_boots":1,"projectvibrantjourneys:cattail":1,"cfm:red_sofa":11,"hamsters:hamster":3,"minecraft:cooked_beef":2,"minecraft:golden_axe":27,"minecraft:wheat_seeds":44,"minecraft:water_bucket":73,"minecraft:birch_planks":197,"minecraft:baked_potato":14,"minecraft:birch_boat":3,"minecraft:stonecutter":1,"minecraft:crafting_table":3,"minecraft:spruce_log":190,"minecraft:flower_pot":1,"minecraft:apple":5,"minecraft:iron_pickaxe":426,"alexscaves:extinction_spear":70,"minecraft:spruce_trapdoor":1,"minecraft:spruce_sapling":5,"minecraft:stone_axe":81,"minecraft:cobblestone":28,"travelersbackpack:standard":4,"minecraft:bucket":72,"minecraft:glass_pane":160,"minecraft:dandelion":1,"minecraft:birch_stairs":48},"minecraft:killed":{"minecraft:witch":1,"minecraft:spider":2,"minecraft:skeleton":2,"bloodandmadness:beast_patient":3,"farlanders:rebel":1,"minecraft:creeper":1,"minecraft:zombie":12,"alexsmobs:fly":4,"bloodandmadness:church_doctor":1,"bloodandmadness:cloaked_beast_patient":2,"born_in_chaos_v1:maggot":1,"iceandfire:fire_dragon":1,"bloodandmadness:huntsman_axe":1,"farlanders:looter":1,"iceandfire:ice_dragon":1,"minecraft:player":1,"minecraft:villager":1,"minecraft:enderman":1}},"DataVersion":3465}