{"stats":{"minecraft:custom":{"minecraft:mob_kills":16,"minecraft:interact_with_crafting_table":24,"minecraft:open_barrel":18,"minecraft:leave_game":10,"minecraft:time_since_death":135254,"minecraft:sprint_one_cm":844450,"minecraft:walk_one_cm":2045272,"minecraft:drop":31,"minecraft:damage_dealt_absorbed":218,"minecraft:play_time":229278,"minecraft:deaths":3,"minecraft:sneak_time":9342,"minecraft:walk_under_water_one_cm":6752,"minecraft:jump":1646,"minecraft:walk_on_water_one_cm":27781,"minecraft:total_world_time":229445,"minecraft:interact_with_furnace":21,"minecraft:interact_with_stonecutter":1,"minecraft:sleep_in_bed":12,"minecraft:time_since_rest":11622,"minecraft:damage_taken":2785,"minecraft:damage_dealt":2778,"minecraft:swim_one_cm":52510,"minecraft:fly_one_cm":363853,"minecraft:player_kills":1,"minecraft:open_chest":51,"minecraft:crouch_one_cm":45215,"minecraft:fall_one_cm":41436,"minecraft:horse_one_cm":34632},"minecraft:picked_up":{"gamma_beasts:thin_oak_log":10,"minecraft:wheat":3,"minecraft:azure_bluet":1,"minecraft:golden_pickaxe":1,"minecraft:iron_axe":1,"minecraft:item_frame":3,"minecraft:iron_shovel":2,"bloodandmadness:blood_vial":2,"minecraft:spruce_planks":2,"soul_like_armors_reworked:dagger":1,"minecraft:poppy":4,"minecraft:spruce_slab":39,"minecraft:birch_sapling":30,"minecraft:stick":91,"projectvibrantjourneys:bark_mushroom":4,"minecraft:golden_axe":1,"minecraft:light_blue_bed":1,"soul_like_armors_reworked:estusflask":4,"minecraft:beetroot_seeds":1,"minecraft:gold_ingot":8,"minecraft:white_wool":2,"minecraft:cobblestone":15,"minecraft:birch_log":71,"minecraft:birch_slab":10,"projectvibrantjourneys:fallen_leaves":4,"minecraft:birch_planks":57,"gamma_beasts:green_apple":29,"gamma_beasts:oak_leaf":3,"minecraft:dirt":891,"minecraft:bone":1,"minecraft:stonecutter":1,"minecraft:bow":2,"minecraft:wheat_seeds":48,"minecraft:iron_ingot":6,"projectvibrantjourneys:light_brown_bark_mushroom":17,"minecraft:sand":277,"minecraft:spruce_sapling":127,"minecraft:blast_furnace":1,"minecraft:spruce_log":310,"minecraft:cyan_bed":2,"alexsmobs:animal_dictionary":3,"minecraft:spruce_door":1,"minecraft:sugar":2,"minecraft:emerald":1,"alexsmobs:maggot":4,"projectvibrantjourneys:orange_bark_mushroom":6},"minecraft:killed_by":{"born_in_chaos_v1:bloody_gadfly":1,"minecraft:zombie":1},"minecraft:broken":{"minecraft:iron_shovel":2,"minecraft:golden_axe":1,"minecraft:iron_axe":2,"minecraft:stone_shovel":1},"minecraft:used":{"simplyswords:iron_claymore":29,"minecraft:iron_shovel":652,"minecraft:spruce_slab":201,"minecraft:stone_shovel":83,"minecraft:spruce_planks":2,"minecraft:chest":2,"gamma_beasts:green_apple":25,"soul_like_armors_reworked:estusflask":7,"minecraft:dirt":237,"minecraft:glass":45,"minecraft:wooden_axe":15,"alexsmobs:maggot":4,"soul_like_armors_reworked:dagger":25,"minecraft:iron_axe":521,"minecraft:birch_sapling":2,"mcdw:bow_winters_touch":10,"minecraft:light_blue_bed":1,"minecraft:furnace":1,"minecraft:golden_axe":27,"epicfight:skillbook":2,"minecraft:spruce_door":2,"minecraft:birch_planks":179,"minecraft:baked_potato":1,"minecraft:white_wool":3,"minecraft:sand":24,"minecraft:crafting_table":1,"minecraft:spruce_log":165,"minecraft:birch_fence":32,"minecraft:apple":5,"minecraft:birch_slab":51,"minecraft:cyan_bed":2,"minecraft:bread":30,"minecraft:spruce_sapling":1,"minecraft:cobblestone":7,"variantvanillablocks:spruce_chest":2,"travelersbackpack:standard":1,"minecraft:glass_pane":86,"minecraft:golden_pickaxe":18,"minecraft:experience_bottle":4,"minecraft:birch_stairs":32},"minecraft:crafted":{"minecraft:oak_planks":20,"minecraft:birch_slab":126,"minecraft:furnace":1,"minecraft:glass_pane":144,"variantvanillablocks:spruce_chest":3,"minecraft:glass":184,"travelersbackpack:white_sleeping_bag":1,"minecraft:iron_boots":1,"minecraft:iron_axe":1,"minecraft:spruce_slab":228,"minecraft:chest":2,"minecraft:crafting_table":1,"minecraft:spruce_planks":192,"travelersbackpack:backpack_tank":2,"travelersbackpack:standard":1,"minecraft:spruce_door":3,"minecraft:birch_planks":284,"minecraft:iron_chestplate":1,"minecraft:birch_fence":33,"minecraft:wooden_axe":1,"minecraft:iron_shovel":1,"minecraft:iron_leggings":1,"minecraft:birch_stairs":52},"minecraft:mined":{"minecraft:spruce_planks":2,"projectvibrantjourneys:rocks":1,"gravestone:gravestone":3,"minecraft:grass_block":518,"minecraft:birch_slab":6,"minecraft:spruce_leaves":81,"minecraft:dirt_path":40,"minecraft:stone":15,"minecraft:white_wool":3,"minecraft:spruce_slab":38,"minecraft:glass_pane":13,"minecraft:spruce_door":1,"projectvibrantjourneys:twigs":3,"minecraft:blast_furnace":1,"minecraft:tall_grass":12,"minecraft:cyan_bed":2,"projectvibrantjourneys:fallen_leaves":2,"minecraft:birch_planks":57,"minecraft:light_blue_bed":1,"minecraft:birch_log":71,"minecraft:wheat":3,"minecraft:spruce_log":316,"minecraft:birch_leaves":3,"gamma_beasts:thin_oak_log":12,"minecraft:grass":34,"projectvibrantjourneys:short_grass":7,"minecraft:sand":278,"minecraft:dirt":296,"minecraft:stonecutter":1,"minecraft:oak_leaves":2},"minecraft:dropped":{"gamma_beasts:oak_leaf":3,"minecraft:item_frame":3,"minecraft:dirt":64,"projectvibrantjourneys:fallen_leaves":1,"gravestone:obituary":3,"minecraft:iron_axe":1,"minecraft:sand":86,"minecraft:iron_shovel":1,"projectvibrantjourneys:bark_mushroom":1,"alexsmobs:animal_dictionary":4,"minecraft:azure_bluet":1,"gamma_beasts:green_apple":4,"minecraft:poppy":4,"minecraft:beetroot_seeds":1,"soul_like_armors_reworked:dagger":1,"minecraft:spruce_log":64,"minecraft:bow":2,"minecraft:glass":8},"minecraft:killed":{"bloodandmadness:church_doctor":1,"minecraft:witch":1,"born_in_chaos_v1:maggot":1,"minecraft:skeleton":1,"bloodandmadness:beast_patient":2,"farlanders:rebel":1,"minecraft:creeper":1,"minecraft:zombie":4,"alexsmobs:fly":4,"minecraft:player":1}},"DataVersion":3465}