{"stats":{"minecraft:picked_up":{"epicsamurai:cloth":1,"swem:timothy_seeds":12,"minecraft:stick":2,"projectvibrantjourneys:fallen_leaves":1,"ecologics:seashell":1,"minecraft:porkchop":2,"minecraft:oak_log":5,"alexsmobs:gazelle_horn":2,"minecraft:dirt":1,"minecraft:bone":2,"minecraft:wheat_seeds":32,"swem:alfalfa_seeds":8,"projectvibrantjourneys:cattail":5,"projectvibrantjourneys:sandy_sprouts":3,"minecraft:oak_sapling":5,"swem:oat_seeds":8,"minecraft:mutton":5,"minecraft:white_wool":3},"minecraft:mined":{"minecraft:large_fern":8,"projectvibrantjourneys:cattail":6,"ecologics:seashell":1,"projectvibrantjourneys:bones":2,"gravestone:gravestone":5,"minecraft:grass":96,"minecraft:grass_block":1,"projectvibrantjourneys:sandy_sprouts":4,"minecraft:oak_log":5,"projectvibrantjourneys:short_grass":90,"minecraft:sunflower":3,"minecraft:tall_grass":34,"projectvibrantjourneys:fallen_leaves":1,"minecraft:oak_leaves":2,"minecraft:fern":10},"minecraft:custom":{"minecraft:time_since_rest":1130,"minecraft:sprint_one_cm":178415,"minecraft:damage_taken":1683,"minecraft:walk_one_cm":329826,"minecraft:mob_kills":9,"minecraft:damage_dealt":1426,"minecraft:talked_to_villager":8,"minecraft:fly_one_cm":40970,"minecraft:open_chest":8,"minecraft:crouch_one_cm":5,"minecraft:play_time":28017,"minecraft:deaths":5,"minecraft:sneak_time":5,"minecraft:bell_ring":11,"minecraft:walk_under_water_one_cm":5450,"minecraft:jump":430,"minecraft:walk_on_water_one_cm":38617,"minecraft:leave_game":1,"minecraft:time_since_death":1099,"minecraft:climb_one_cm":4911,"minecraft:total_world_time":28017,"minecraft:fall_one_cm":10598},"minecraft:killed":{"minecraft:sheep":3,"minecraft:pig":3,"alexsmobs:gazelle":2,"epicsamurai:komainu":1},"minecraft:killed_by":{"soulslikeuniverse:monstergodrickknight":1,"gamma_beasts:radioactive_bear_a":3},"minecraft:used":{"soul_like_armors_reworked:dagger":301,"minecraft:bread":2,"soulslikeuniverse:estusflask":5,"minecraft:porkchop":2,"alexsmobs:animal_dictionary":2,"soulslikeuniverse:dagger":12}},"DataVersion":3465}