{"stats":{"minecraft:picked_up":{"epicsamurai:cloth":1,"swem:timothy_seeds":14,"minecraft:stick":2,"projectvibrantjourneys:fallen_leaves":1,"gamma_beasts:fur":4,"minecraft:dandelion":1,"ecologics:seashell":1,"minecraft:porkchop":2,"minecraft:oak_log":5,"gravestone:obituary":4,"alexsmobs:gazelle_horn":2,"minecraft:dirt":1,"minecraft:bone":2,"gamma_beasts:meat":2,"minecraft:wheat_seeds":34,"swem:alfalfa_seeds":20,"minecraft:white_tulip":2,"projectvibrantjourneys:cattail":6,"projectvibrantjourneys:sandy_sprouts":3,"minecraft:oak_sapling":5,"swem:oat_seeds":10,"minecraft:mutton":5,"minecraft:white_wool":3},"minecraft:mined":{"minecraft:large_fern":11,"projectvibrantjourneys:cattail":8,"ecologics:seashell":1,"projectvibrantjourneys:bones":2,"minecraft:dandelion":1,"gravestone:gravestone":5,"minecraft:grass":113,"minecraft:grass_block":1,"projectvibrantjourneys:sandy_sprouts":4,"minecraft:oak_log":5,"projectvibrantjourneys:short_grass":97,"minecraft:sunflower":3,"minecraft:tall_grass":39,"minecraft:white_tulip":2,"projectvibrantjourneys:fallen_leaves":1,"minecraft:oak_leaves":2,"minecraft:fern":12},"minecraft:custom":{"minecraft:time_since_rest":13130,"minecraft:sprint_one_cm":343878,"minecraft:damage_taken":1853,"minecraft:walk_one_cm":414200,"minecraft:mob_kills":12,"minecraft:drop":5,"minecraft:damage_dealt":2760,"minecraft:talked_to_villager":8,"minecraft:fly_one_cm":109039,"minecraft:open_chest":14,"minecraft:crouch_one_cm":5,"minecraft:play_time":40017,"minecraft:deaths":5,"minecraft:sneak_time":5,"minecraft:bell_ring":11,"minecraft:walk_under_water_one_cm":6020,"minecraft:jump":587,"minecraft:walk_on_water_one_cm":43817,"minecraft:leave_game":1,"minecraft:time_since_death":13099,"minecraft:climb_one_cm":7547,"minecraft:total_world_time":40017,"minecraft:fall_one_cm":12312},"minecraft:killed":{"minecraft:sheep":3,"minecraft:pig":3,"epicsamurai:tanuki":1,"alexsmobs:gazelle":2,"epicsamurai:komainu":1,"gamma_beasts:radioactive_bear_a":1,"gamma_beasts:radioactive_bear_c":1},"minecraft:dropped":{"swem:alfalfa_seeds":9,"gravestone:obituary":4},"minecraft:killed_by":{"soulslikeuniverse:monstergodrickknight":1,"gamma_beasts:radioactive_bear_a":3},"minecraft:used":{"soul_like_armors_reworked:dagger":479,"minecraft:firework_rocket":1,"minecraft:bread":8,"soulslikeuniverse:estusflask":5,"minecraft:porkchop":2,"alexsmobs:animal_dictionary":2,"soulslikeuniverse:dagger":40}},"DataVersion":3465}